EmployeeID,EmployeeName,City,Role,Department,Gender,Age,JoiningDate,EmploymentStatus,Salary,Shift
EMP0001,Rahul Gupta,Hyderabad,WM Technician,Operations,Male,49,2020-09-14,Active,24908,Evening
EMP0002,Sneha Singh,Hyderabad,AC Technician,Operations,Male,29,2023-04-08,Active,37032,Morning
EMP0003,Ravi Gupta,Hyderabad,AC Technician,Operations,Male,31,2020-12-16,Active,38576,Evening
EMP0004,Kavya Kumar,Hyderabad,Helper,Operations,Male,52,2026-03-19,Active,18166,Evening
EMP0005,Ravi Roy,Hyderabad,RF Technician,Operations,Male,43,2022-11-04,Active,28266,Evening
EMP0006,Ankit Roy,Hyderabad,AC Technician,Operations,Male,26,2026-07-11,Active,35447,Morning
EMP0007,Vijay Patel,Hyderabad,AC Technician,Operations,Male,31,2025-03-18,Active,41393,Evening
EMP0008,Ankit Singh,Hyderabad,AC Technician,Operations,Male,49,2020-05-31,Active,34807,Morning
EMP0009,Kavya Das,Hyderabad,Helper,Operations,Female,40,2023-06-24,Active,22222,Evening
EMP0010,Priya Das,Hyderabad,AC Technician,Operations,Male,32,2023-03-17,Active,35848,Morning
EMP0011,Neha Reddy,Hyderabad,WM Technician,Operations,Male,43,2024-11-24,Active,31286,Evening
EMP0012,Sneha Gupta,Hyderabad,Helper,Operations,Male,31,2025-07-25,Active,23669,Evening
EMP0013,Vijay Gupta,Hyderabad,Helper,Operations,Male,25,2024-10-04,Active,18646,Evening
EMP0014,Deepak Das,Hyderabad,WM Technician,Operations,Male,26,2020-11-23,Active,26686,General
EMP0015,Sneha Nair,Hyderabad,AC Technician,Operations,Male,47,2021-11-13,Active,41301,Evening
EMP0016,Ankit Sharma,Hyderabad,WM Technician,Operations,Male,42,2024-11-16,Active,26249,General
EMP0017,Vijay Kumar,Hyderabad,RF Technician,Operations,Male,45,2024-01-28,Active,36406,General
EMP0018,Arjun Roy,Hyderabad,AC Technician,Operations,Male,48,2020-05-22,Active,32068,Morning
EMP0019,Sneha Roy,Hyderabad,AC Technician,Operations,Male,22,2021-09-20,Active,41125,Evening
EMP0020,Sneha Reddy,Hyderabad,AC Technician,Operations,Male,24,2026-06-08,Active,32255,General
EMP0021,Vijay Nair,Hyderabad,AC Technician,Operations,Male,37,2022-10-19,Active,31858,Morning
EMP0022,Neha Singh,Hyderabad,AC Technician,Operations,Male,55,2021-04-27,Active,34288,Evening
EMP0023,Suresh Sharma,Hyderabad,RF Technician,Operations,Female,38,2025-07-04,Active,31279,Morning
EMP0024,Priya Roy,Hyderabad,WM Technician,Operations,Male,48,2020-12-25,Active,30639,General
EMP0025,Vijay Patel,Hyderabad,AC Technician,Operations,Male,55,2026-01-29,Active,34757,Evening
EMP0026,Suresh Singh,Hyderabad,WM Technician,Operations,Male,52,2022-07-07,Active,24994,Morning
EMP0027,Sneha Nair,Hyderabad,AC Technician,Operations,Male,21,2024-01-18,Active,39077,General
EMP0028,Ravi Das,Hyderabad,WM Technician,Operations,Male,55,2021-06-15,Active,29013,Morning
EMP0029,Ravi Patel,Hyderabad,WM Technician,Operations,Male,50,2025-11-23,Active,27365,Evening
EMP0030,Sneha Patel,Hyderabad,WM Technician,Operations,Female,24,2025-01-17,Active,27816,General
EMP0031,Anjali Gupta,Hyderabad,Helper,Operations,Female,55,2022-01-15,Active,24289,Morning
EMP0032,Deepak Patel,Hyderabad,RF Technician,Operations,Female,23,2021-05-23,Active,36488,Morning
EMP0033,Ravi Das,Hyderabad,AC Technician,Operations,Male,34,2023-11-18,Active,38501,Evening
EMP0034,Deepak Saha,Hyderabad,RF Technician,Operations,Male,55,2023-01-29,Active,30050,General
EMP0035,Suresh Patel,Hyderabad,WM Technician,Operations,Male,52,2021-11-21,Active,28848,General
EMP0036,Ravi Kumar,Hyderabad,RF Technician,Operations,Male,41,2026-04-27,Active,28674,Morning
EMP0037,Anjali Saha,Hyderabad,Helper,Operations,Female,36,2022-05-13,Active,24282,General
EMP0038,Deepak Nair,Hyderabad,Helper,Operations,Male,51,2026-02-12,Active,20372,General
EMP0039,Ankit Patel,Hyderabad,AC Technician,Operations,Male,45,2023-05-03,Active,37430,Morning
EMP0040,Suresh Roy,Hyderabad,Helper,Operations,Male,50,2025-03-17,Active,19671,Evening
EMP0041,Sneha Gupta,Hyderabad,Helper,Operations,Female,40,2023-11-15,Active,21266,Morning
EMP0042,Rohit Nair,Hyderabad,AC Technician,Operations,Male,40,2022-09-17,Active,37642,Morning
EMP0043,Anjali Singh,Hyderabad,WM Technician,Operations,Male,26,2020-07-26,Active,26377,Evening
EMP0044,Priya Singh,Hyderabad,RF Technician,Operations,Female,30,2023-09-03,Active,37464,General
EMP0045,Deepak Nair,Hyderabad,RF Technician,Operations,Male,51,2025-10-09,Active,35648,Evening
EMP0046,Kiran Saha,Hyderabad,Helper,Operations,Male,45,2025-09-01,Active,21745,Morning
EMP0047,Kavya Das,Hyderabad,AC Technician,Operations,Male,23,2023-02-26,Active,38108,General
EMP0048,Sneha Reddy,Hyderabad,AC Technician,Operations,Male,26,2024-10-31,Active,32194,Evening
EMP0049,Kiran Roy,Hyderabad,Helper,Operations,Male,45,2020-07-28,Active,22671,General
EMP0050,Rohit Saha,Hyderabad,RF Technician,Operations,Male,24,2024-05-01,Active,36261,Evening
EMP0051,Sneha Roy,Hyderabad,Helper,Operations,Male,27,2021-06-11,Active,18792,Evening
EMP0052,Pooja Gupta,Hyderabad,AC Technician,Operations,Male,43,2021-08-13,Active,33261,General
EMP0053,Neha Patel,Hyderabad,RF Technician,Operations,Male,22,2021-07-15,Active,33456,Evening
EMP0054,Priya Patel,Hyderabad,AC Technician,Operations,Male,52,2021-07-26,Active,35373,General
EMP0055,Kavya Saha,Hyderabad,RF Technician,Operations,Male,39,2023-10-09,Active,36311,General
EMP0056,Amit Reddy,Hyderabad,Helper,Operations,Male,21,2024-02-17,Active,20713,General
EMP0057,Arjun Kumar,Hyderabad,RF Technician,Operations,Male,21,2025-04-27,Active,32350,General
EMP0058,Pooja Patel,Hyderabad,WM Technician,Operations,Male,30,2025-11-17,Active,29152,General
EMP0059,Amit Singh,Hyderabad,AC Technician,Operations,Female,35,2020-05-09,Active,39380,General
EMP0060,Kiran Reddy,Hyderabad,Helper,Operations,Male,40,2024-09-11,Active,19240,Evening
EMP0061,Kiran Gupta,Hyderabad,AC Technician,Operations,Male,50,2020-09-12,Active,41563,Morning
EMP0062,Vijay Nair,Hyderabad,WM Technician,Operations,Male,50,2025-11-22,Active,27086,Evening
EMP0063,Rohit Saha,Hyderabad,RF Technician,Operations,Female,41,2026-02-15,Active,33804,General
EMP0064,Arjun Das,Hyderabad,WM Technician,Operations,Male,35,2023-02-16,Active,28571,Evening
EMP0065,Sneha Gupta,Hyderabad,AC Technician,Operations,Male,33,2025-06-25,Active,35194,Evening
EMP0066,Pooja Reddy,Hyderabad,Helper,Operations,Female,37,2023-03-24,Active,18998,General
EMP0067,Ravi Roy,Hyderabad,RF Technician,Operations,Male,29,2023-04-04,Active,28689,Evening
EMP0068,Rohit Gupta,Hyderabad,AC Technician,Operations,Female,36,2025-05-16,Active,33505,Morning
EMP0069,Arjun Singh,Hyderabad,WM Technician,Operations,Male,28,2021-03-23,Active,29043,General
EMP0070,Amit Reddy,Hyderabad,RF Technician,Operations,Male,53,2022-07-13,Active,31814,Morning
EMP0071,Rahul Gupta,Hyderabad,Helper,Operations,Male,50,2021-02-15,Active,23580,Morning
EMP0072,Kavya Singh,Hyderabad,WM Technician,Operations,Female,30,2024-07-24,Active,29348,Evening
EMP0073,Ankit Sharma,Hyderabad,WM Technician,Operations,Male,38,2023-08-08,Active,26338,General
EMP0074,Ankit Patel,Hyderabad,Helper,Operations,Male,34,2025-12-31,Active,24051,General
EMP0075,Kavya Patel,Hyderabad,Helper,Operations,Male,31,2020-05-28,Active,24850,Evening
EMP0076,Amit Roy,Hyderabad,RF Technician,Operations,Female,38,2020-06-02,Active,28151,Evening
EMP0077,Neha Das,Hyderabad,WM Technician,Operations,Male,54,2025-11-17,Active,28046,Morning
EMP0078,Neha Das,Hyderabad,AC Technician,Operations,Male,27,2023-09-16,Active,32662,General
EMP0079,Kiran Patel,Hyderabad,WM Technician,Operations,Male,20,2023-10-12,Active,30477,Evening
EMP0080,Ravi Reddy,Hyderabad,AC Technician,Operations,Male,45,2024-10-17,Active,38442,Evening
EMP0081,Arjun Kumar,Hyderabad,AC Technician,Operations,Male,31,2021-07-29,Active,37822,Evening
EMP0082,Priya Das,Hyderabad,WM Technician,Operations,Male,35,2025-01-03,Active,30174,Evening
EMP0083,Arjun Kumar,Hyderabad,AC Technician,Operations,Male,20,2022-12-07,Active,40709,Evening
EMP0084,Deepak Sharma,Hyderabad,Helper,Operations,Male,49,2023-06-10,Active,19308,Evening
EMP0085,Suresh Nair,Hyderabad,RF Technician,Operations,Male,38,2024-02-14,Active,31618,Morning
EMP0086,Kavya Gupta,Hyderabad,AC Technician,Operations,Male,43,2024-08-30,Active,41500,General
EMP0087,Ravi Gupta,Hyderabad,Helper,Operations,Male,33,2022-10-10,Active,23573,General
EMP0088,Ankit Gupta,Hyderabad,Helper,Operations,Male,43,2020-11-15,Active,22621,Morning
EMP0089,Vijay Roy,Hyderabad,Helper,Operations,Female,32,2026-06-03,Active,22396,Morning
EMP0090,Kavya Sharma,Hyderabad,AC Technician,Operations,Female,48,2021-04-21,Active,41145,Morning
EMP0091,Anjali Nair,Hyderabad,Helper,Operations,Female,48,2020-08-15,Active,21714,Morning
EMP0092,Rahul Reddy,Hyderabad,Helper,Operations,Male,55,2025-03-08,Active,23511,Evening
EMP0093,Ankit Reddy,Hyderabad,RF Technician,Operations,Male,20,2022-06-11,Active,37475,Morning
EMP0094,Kavya Kumar,Hyderabad,WM Technician,Operations,Male,24,2026-01-25,Active,24493,Morning
EMP0095,Anjali Roy,Hyderabad,Helper,Operations,Male,31,2021-07-08,Active,24273,General
EMP0096,Ravi Gupta,Hyderabad,RF Technician,Operations,Female,44,2025-01-11,Active,34184,Evening
EMP0097,Pooja Gupta,Hyderabad,AC Technician,Operations,Male,42,2021-04-30,Active,32924,General
EMP0098,Neha Gupta,Hyderabad,RF Technician,Operations,Male,34,2020-01-15,Active,28372,Evening
EMP0099,Sneha Patel,Hyderabad,RF Technician,Operations,Male,44,2022-07-29,Active,32055,Evening
EMP0100,Rahul Singh,Hyderabad,AC Technician,Operations,Male,27,2020-05-11,Active,40816,Evening
EMP0101,Ankit Singh,Hyderabad,WM Technician,Operations,Male,26,2020-05-17,Active,27657,General
EMP0102,Kiran Kumar,Hyderabad,AC Technician,Operations,Male,45,2024-12-02,Active,33839,General
EMP0103,Priya Saha,Hyderabad,WM Technician,Operations,Male,38,2022-08-17,Active,30682,General
EMP0104,Arjun Reddy,Hyderabad,WM Technician,Operations,Male,40,2022-08-28,Active,26472,Morning
EMP0105,Vijay Reddy,Hyderabad,WM Technician,Operations,Male,23,2026-03-30,Active,31770,General
EMP0106,Pooja Gupta,Hyderabad,AC Technician,Operations,Male,23,2023-11-11,Active,40540,General
EMP0107,Pooja Patel,Hyderabad,WM Technician,Operations,Male,46,2024-07-30,Active,25222,Evening
EMP0108,Deepak Patel,Hyderabad,WM Technician,Operations,Male,50,2022-09-14,Active,30957,Morning
EMP0109,Suresh Reddy,Hyderabad,AC Technician,Operations,Male,23,2026-04-22,Active,36761,Evening
EMP0110,Neha Roy,Hyderabad,WM Technician,Operations,Male,33,2023-09-14,Active,29297,Morning
EMP0111,Ankit Sharma,Hyderabad,WM Technician,Operations,Male,32,2020-07-30,Active,26199,Evening
EMP0112,Priya Das,Hyderabad,Helper,Operations,Male,55,2022-06-07,Active,21927,Morning
EMP0113,Amit Nair,Hyderabad,AC Technician,Operations,Female,20,2022-05-17,Active,33113,General
EMP0114,Priya Das,Hyderabad,RF Technician,Operations,Female,33,2024-06-12,Active,31921,General
EMP0115,Sneha Gupta,Hyderabad,RF Technician,Operations,Male,54,2024-01-11,Active,33053,Evening
EMP0116,Kiran Roy,Hyderabad,RF Technician,Operations,Female,49,2021-02-07,Active,35692,Evening
EMP0117,Suresh Kumar,Hyderabad,WM Technician,Operations,Male,22,2026-04-23,Active,31078,Morning
EMP0118,Priya Singh,Hyderabad,WM Technician,Operations,Male,46,2023-04-24,Active,25248,Morning
EMP0119,Priya Das,Hyderabad,WM Technician,Operations,Male,35,2025-08-07,Active,28510,General
EMP0120,Sneha Patel,Hyderabad,AC Technician,Operations,Male,51,2025-07-02,Active,37550,Morning
EMP0121,Ankit Gupta,Hyderabad,WM Technician,Operations,Male,54,2025-06-23,Active,25507,General
EMP0122,Suresh Singh,Hyderabad,RF Technician,Operations,Male,24,2020-07-17,Active,28104,Evening
EMP0123,Neha Roy,Hyderabad,Helper,Operations,Male,29,2020-02-07,Active,19791,General
EMP0124,Anjali Kumar,Hyderabad,Helper,Operations,Male,50,2025-06-21,Active,18128,Morning
EMP0125,Anjali Patel,Hyderabad,Helper,Operations,Male,37,2026-01-03,Active,20348,Morning
EMP0126,Kiran Saha,Hyderabad,AC Technician,Operations,Male,26,2025-11-17,Active,32439,Morning
EMP0127,Sneha Reddy,Hyderabad,AC Technician,Operations,Male,42,2022-12-30,Active,36502,Morning
EMP0128,Ravi Kumar,Hyderabad,Helper,Operations,Male,35,2022-07-14,Active,20457,General
EMP0129,Ankit Kumar,Hyderabad,Helper,Operations,Male,44,2024-03-24,Active,22527,Evening
EMP0130,Priya Saha,Hyderabad,Helper,Operations,Male,25,2025-08-09,Active,24924,Evening
EMP0131,Kiran Saha,Hyderabad,RF Technician,Operations,Female,26,2025-12-03,Active,28697,Morning
EMP0132,Ankit Patel,Hyderabad,RF Technician,Operations,Male,22,2020-10-31,Active,32593,General
EMP0133,Suresh Reddy,Hyderabad,AC Technician,Operations,Female,40,2020-03-05,Active,33394,General
EMP0134,Pooja Gupta,Hyderabad,AC Technician,Operations,Female,39,2021-10-27,Active,39239,Morning
EMP0135,Sneha Kumar,Hyderabad,AC Technician,Operations,Male,28,2020-11-17,Active,38204,General
EMP0136,Pooja Roy,Hyderabad,WM Technician,Operations,Male,34,2020-11-07,Active,26790,General
EMP0137,Sneha Gupta,Hyderabad,Helper,Operations,Male,37,2025-01-19,Active,22019,Morning
EMP0138,Pooja Sharma,Hyderabad,WM Technician,Operations,Female,47,2022-01-30,Active,29568,General
EMP0139,Rohit Patel,Hyderabad,RF Technician,Operations,Male,38,2022-10-06,Active,29204,Morning
EMP0140,Amit Sharma,Hyderabad,AC Technician,Operations,Male,29,2024-05-14,Active,35188,Evening
EMP0141,Amit Patel,Hyderabad,WM Technician,Operations,Male,39,2024-12-26,Active,26948,Evening
EMP0142,Anjali Sharma,Hyderabad,RF Technician,Operations,Male,47,2025-01-12,Active,37125,General
EMP0143,Priya Reddy,Hyderabad,RF Technician,Operations,Male,42,2026-03-20,Active,29524,General
EMP0144,Arjun Saha,Hyderabad,Helper,Operations,Male,46,2024-05-07,Active,24382,Morning
EMP0145,Deepak Das,Hyderabad,WM Technician,Operations,Male,44,2021-11-25,Active,25137,Evening
EMP0146,Anjali Das,Hyderabad,RF Technician,Operations,Male,24,2021-11-15,Active,35121,Evening
EMP0147,Kavya Saha,Hyderabad,AC Technician,Operations,Male,24,2024-01-19,Active,34123,Morning
EMP0148,Rahul Reddy,Hyderabad,AC Technician,Operations,Male,49,2021-03-14,Active,32219,Evening
EMP0149,Anjali Saha,Hyderabad,Helper,Operations,Male,44,2023-09-11,Active,21606,Evening
EMP0150,Vijay Reddy,Hyderabad,AC Technician,Operations,Male,40,2022-04-02,Active,37848,Evening
EMP0151,Priya Reddy,Hyderabad,Helper,Operations,Female,38,2025-07-04,Active,22717,Morning
EMP0152,Kiran Saha,Hyderabad,Helper,Operations,Male,45,2024-02-04,Active,18932,General
EMP0153,Neha Singh,Hyderabad,WM Technician,Operations,Female,31,2026-03-03,Active,24220,General
EMP0154,Kavya Patel,Hyderabad,AC Technician,Operations,Male,38,2020-10-10,Active,36703,General
EMP0155,Anjali Reddy,Hyderabad,Helper,Operations,Male,35,2022-10-31,Active,23395,Morning
EMP0156,Anjali Gupta,Hyderabad,WM Technician,Operations,Male,50,2026-07-12,Active,27283,General
EMP0157,Ravi Sharma,Hyderabad,RF Technician,Operations,Male,43,2026-01-08,Active,37729,General
EMP0158,Ankit Saha,Hyderabad,Helper,Operations,Male,42,2021-11-12,Active,23300,General
EMP0159,Amit Kumar,Hyderabad,WM Technician,Operations,Female,45,2023-09-20,Active,31911,Evening
EMP0160,Arjun Nair,Hyderabad,RF Technician,Operations,Male,34,2025-09-22,Active,36499,General
EMP0161,Rahul Nair,Hyderabad,RF Technician,Operations,Male,49,2025-08-11,Active,30469,Evening
EMP0162,Suresh Roy,Hyderabad,Helper,Operations,Male,46,2020-12-17,Active,18950,General
EMP0163,Sneha Nair,Hyderabad,AC Technician,Operations,Male,49,2022-04-27,Active,38537,Evening
EMP0164,Ankit Sharma,Hyderabad,RF Technician,Operations,Male,48,2023-07-30,Active,29100,Evening
EMP0165,Arjun Gupta,Hyderabad,RF Technician,Operations,Male,41,2021-03-23,Active,30692,General
EMP0166,Neha Singh,Hyderabad,AC Technician,Operations,Male,30,2023-09-17,Active,39172,Evening
EMP0167,Anjali Reddy,Hyderabad,Helper,Operations,Male,31,2022-02-02,Active,23246,General
EMP0168,Pooja Kumar,Hyderabad,AC Technician,Operations,Male,32,2025-01-15,Active,39702,Evening
EMP0169,Ravi Saha,Hyderabad,Helper,Operations,Male,33,2023-02-14,Active,24163,General
EMP0170,Kiran Nair,Hyderabad,AC Technician,Operations,Male,54,2022-02-04,Active,35993,Evening
EMP0171,Pooja Saha,Hyderabad,AC Technician,Operations,Male,51,2025-12-01,Active,40471,Evening
EMP0172,Vijay Das,Hyderabad,WM Technician,Operations,Male,27,2023-11-26,Active,26883,Evening
EMP0173,Arjun Das,Hyderabad,AC Technician,Operations,Female,25,2021-07-02,Active,35131,Morning
EMP0174,Anjali Saha,Hyderabad,Helper,Operations,Male,43,2021-08-02,Active,22184,Evening
EMP0175,Vijay Gupta,Hyderabad,WM Technician,Operations,Male,44,2024-09-28,Active,25521,Evening
EMP0176,Neha Saha,Hyderabad,Helper,Operations,Male,38,2021-07-28,Active,19532,Evening
EMP0177,Kiran Reddy,Hyderabad,WM Technician,Operations,Male,42,2020-02-09,Active,27969,Morning
EMP0178,Kavya Reddy,Hyderabad,AC Technician,Operations,Female,52,2025-07-20,Active,36703,General
EMP0179,Rahul Singh,Hyderabad,RF Technician,Operations,Male,48,2025-06-24,Active,30740,Morning
EMP0180,Vijay Nair,Hyderabad,RF Technician,Operations,Male,37,2022-07-09,Active,36808,Evening
EMP0181,Amit Das,Hyderabad,WM Technician,Operations,Male,51,2026-03-01,Active,28184,Morning
EMP0182,Neha Gupta,Hyderabad,RF Technician,Operations,Male,43,2026-01-29,Active,28681,General
EMP0183,Arjun Das,Hyderabad,WM Technician,Operations,Male,47,2021-02-23,Active,30029,General
EMP0184,Ravi Nair,Hyderabad,AC Technician,Operations,Female,22,2025-01-16,Active,34305,Evening
EMP0185,Sneha Saha,Hyderabad,WM Technician,Operations,Female,27,2022-08-28,Active,25719,General
EMP0186,Kiran Kumar,Hyderabad,Helper,Operations,Male,30,2021-07-24,Active,24429,Morning
EMP0187,Vijay Roy,Hyderabad,AC Technician,Operations,Male,54,2023-02-25,Active,39778,General
EMP0188,Amit Patel,Hyderabad,Helper,Operations,Female,38,2023-03-31,Active,22691,Evening
EMP0189,Suresh Patel,Hyderabad,WM Technician,Operations,Female,46,2020-08-30,Active,26271,General
EMP0190,Kavya Patel,Hyderabad,AC Technician,Operations,Male,40,2022-10-10,Active,41079,Evening
EMP0191,Ravi Sharma,Hyderabad,WM Technician,Operations,Male,37,2024-08-23,Active,27073,Evening
EMP0192,Priya Saha,Hyderabad,WM Technician,Operations,Male,37,2024-02-20,Active,27724,Evening
EMP0193,Sneha Sharma,Hyderabad,Helper,Operations,Male,25,2025-02-20,Active,23200,General
EMP0194,Kavya Das,Hyderabad,Helper,Operations,Male,45,2022-06-11,Active,21519,Morning
EMP0195,Suresh Saha,Hyderabad,Helper,Operations,Male,38,2023-10-15,Active,22483,General
EMP0196,Neha Kumar,Hyderabad,WM Technician,Operations,Female,41,2020-07-17,Active,24376,Morning
EMP0197,Anjali Singh,Hyderabad,Helper,Operations,Male,30,2024-12-12,Active,21739,Morning
EMP0198,Ravi Roy,Hyderabad,Helper,Operations,Female,28,2023-05-21,Active,19302,Evening
EMP0199,Deepak Singh,Hyderabad,RF Technician,Operations,Male,43,2021-11-08,Active,28848,Evening
EMP0200,Kavya Sharma,Hyderabad,RF Technician,Operations,Male,25,2021-01-24,Active,28017,Morning
EMP0201,Rahul Kumar,Hyderabad,AC Technician,Operations,Male,34,2025-10-28,Active,41140,Evening
EMP0202,Ravi Singh,Hyderabad,RF Technician,Operations,Male,27,2024-09-25,Active,30165,Evening
EMP0203,Deepak Patel,Hyderabad,AC Technician,Operations,Male,26,2021-02-26,Active,35133,Evening
EMP0204,Rahul Saha,Hyderabad,WM Technician,Operations,Male,28,2021-08-08,Active,24560,General
EMP0205,Suresh Reddy,Hyderabad,Helper,Operations,Male,48,2023-12-09,Active,23918,Morning
EMP0206,Suresh Sharma,Hyderabad,WM Technician,Operations,Male,48,2022-06-08,Active,24710,Morning
EMP0207,Suresh Singh,Hyderabad,AC Technician,Operations,Male,44,2023-12-10,Active,37035,Evening
EMP0208,Deepak Kumar,Hyderabad,RF Technician,Operations,Male,25,2022-10-13,Active,37066,General
EMP0209,Kiran Reddy,Hyderabad,Helper,Operations,Female,39,2022-04-21,Active,22241,General
EMP0210,Amit Singh,Hyderabad,AC Technician,Operations,Male,23,2022-09-07,Active,38108,Evening
EMP0211,Priya Patel,Hyderabad,RF Technician,Operations,Male,24,2025-12-03,Active,28197,Evening
EMP0212,Vijay Nair,Hyderabad,AC Technician,Operations,Male,46,2024-02-05,Active,38951,General
EMP0213,Rahul Das,Hyderabad,Helper,Operations,Female,24,2020-03-09,Active,22811,Morning
EMP0214,Anjali Reddy,Hyderabad,WM Technician,Operations,Male,23,2024-06-18,Active,28150,Evening
EMP0215,Suresh Das,Hyderabad,RF Technician,Operations,Male,25,2026-01-06,Active,36808,General
EMP0216,Priya Reddy,Hyderabad,Helper,Operations,Male,25,2025-09-25,Active,19664,Morning
EMP0217,Arjun Kumar,Hyderabad,WM Technician,Operations,Male,24,2023-06-24,Active,29723,Evening
EMP0218,Ankit Das,Hyderabad,Helper,Operations,Male,47,2021-04-20,Active,21714,General
EMP0219,Suresh Kumar,Hyderabad,Helper,Operations,Male,31,2021-05-04,Active,18103,General
EMP0220,Rohit Patel,Hyderabad,Helper,Operations,Male,42,2025-11-12,Active,22237,General
EMP0221,Priya Reddy,Hyderabad,Helper,Operations,Male,37,2021-04-28,Active,24319,Morning
EMP0222,Ravi Nair,Hyderabad,RF Technician,Operations,Male,24,2022-12-13,Active,37447,General
EMP0223,Vijay Roy,Hyderabad,Helper,Operations,Male,43,2020-08-15,Active,22092,General
EMP0224,Amit Singh,Hyderabad,AC Technician,Operations,Male,26,2026-06-08,Active,41044,General
EMP0225,Arjun Kumar,Hyderabad,WM Technician,Operations,Male,20,2020-06-29,Active,31034,Morning
EMP0226,Anjali Singh,Hyderabad,Helper,Operations,Male,44,2021-09-06,Active,19466,Morning
EMP0227,Sneha Sharma,Hyderabad,WM Technician,Operations,Male,46,2023-08-03,Active,26222,Morning
EMP0228,Ankit Reddy,Hyderabad,AC Technician,Operations,Male,23,2022-01-04,Active,33656,General
EMP0229,Priya Sharma,Hyderabad,WM Technician,Operations,Male,49,2023-03-02,Active,30336,Evening
EMP0230,Deepak Saha,Hyderabad,RF Technician,Operations,Male,20,2024-02-20,Active,31287,Evening
EMP0231,Arjun Patel,Hyderabad,RF Technician,Operations,Male,43,2025-07-13,Active,31201,General
EMP0232,Sneha Kumar,Hyderabad,AC Technician,Operations,Male,46,2020-04-07,Active,33817,General
EMP0233,Amit Singh,Hyderabad,AC Technician,Operations,Female,20,2024-03-21,Active,41914,Evening
EMP0234,Suresh Das,Hyderabad,RF Technician,Operations,Male,35,2024-09-15,Active,36061,Morning
EMP0235,Sneha Nair,Hyderabad,Helper,Operations,Male,34,2025-10-29,Active,21383,General
EMP0236,Suresh Reddy,Hyderabad,Helper,Operations,Female,25,2026-07-06,Active,18782,General
EMP0237,Deepak Das,Hyderabad,RF Technician,Operations,Male,23,2024-11-16,Active,30141,Morning
EMP0238,Rohit Singh,Hyderabad,AC Technician,Operations,Female,45,2023-08-29,Active,35211,Evening
EMP0239,Suresh Sharma,Hyderabad,AC Technician,Operations,Male,32,2021-07-11,Active,39579,Morning
EMP0240,Sneha Singh,Hyderabad,AC Technician,Operations,Male,49,2023-07-10,Active,36660,Morning
EMP0241,Ravi Patel,Hyderabad,Helper,Operations,Male,49,2022-12-21,Active,24983,Morning
EMP0242,Suresh Sharma,Hyderabad,Helper,Operations,Male,39,2020-06-14,Active,19761,Evening
EMP0243,Deepak Das,Hyderabad,AC Technician,Operations,Male,42,2024-06-11,Active,38412,Morning
EMP0244,Neha Gupta,Hyderabad,WM Technician,Operations,Female,31,2020-05-07,Active,31799,Evening
EMP0245,Suresh Sharma,Hyderabad,RF Technician,Operations,Male,35,2021-01-22,Active,35570,Morning
EMP0246,Sneha Sharma,Hyderabad,Helper,Operations,Male,34,2021-06-19,Active,19623,Evening
EMP0247,Kiran Nair,Hyderabad,AC Technician,Operations,Male,36,2020-11-03,Active,30357,Morning
EMP0248,Neha Kumar,Hyderabad,Helper,Operations,Male,25,2023-09-20,Active,19003,Morning
EMP0249,Pooja Reddy,Hyderabad,WM Technician,Operations,Male,47,2024-06-05,Active,28064,Morning
EMP0250,Neha Patel,Hyderabad,Helper,Operations,Male,33,2022-02-05,Active,20252,Evening
EMP0251,Kavya Kumar,Hyderabad,AC Technician,Operations,Male,35,2023-04-23,Active,38173,Evening
EMP0252,Arjun Gupta,Hyderabad,AC Technician,Operations,Male,44,2021-07-16,Active,36868,Morning
EMP0253,Kavya Roy,Hyderabad,WM Technician,Operations,Male,44,2024-01-10,Active,27929,General
EMP0254,Vijay Kumar,Hyderabad,RF Technician,Operations,Female,52,2023-08-10,Active,34363,Evening
EMP0255,Ankit Nair,Hyderabad,WM Technician,Operations,Male,34,2020-04-30,Active,31338,Evening
EMP0256,Arjun Das,Hyderabad,AC Technician,Operations,Male,34,2021-10-15,Active,31640,Morning
EMP0257,Sneha Patel,Hyderabad,Helper,Operations,Male,23,2022-06-17,Active,22716,Evening
EMP0258,Rahul Roy,Hyderabad,WM Technician,Operations,Male,40,2024-01-09,Active,31487,General
EMP0259,Kavya Gupta,Hyderabad,WM Technician,Operations,Female,29,2026-04-25,Active,31769,Morning
EMP0260,Arjun Saha,Hyderabad,RF Technician,Operations,Male,51,2020-06-04,Active,29478,Morning
EMP0261,Kiran Patel,Hyderabad,AC Technician,Operations,Male,53,2025-05-11,Active,30011,Evening
EMP0262,Suresh Saha,Hyderabad,Helper,Operations,Male,31,2023-08-18,Active,18487,Morning
EMP0263,Sneha Sharma,Hyderabad,Helper,Operations,Male,29,2021-03-30,Active,24934,General
EMP0264,Deepak Roy,Hyderabad,Helper,Operations,Male,45,2026-07-28,Active,18827,Evening
EMP0265,Kavya Roy,Hyderabad,WM Technician,Operations,Male,30,2024-11-24,Active,30486,General
EMP0266,Vijay Reddy,Hyderabad,AC Technician,Operations,Male,55,2024-01-01,Active,33657,General
EMP0267,Rahul Saha,Hyderabad,WM Technician,Operations,Male,38,2021-06-05,Active,25455,General
EMP0268,Arjun Saha,Hyderabad,RF Technician,Operations,Male,22,2022-01-15,Active,37869,Evening
EMP0269,Ravi Singh,Hyderabad,Helper,Operations,Male,51,2021-07-30,Active,20712,General
EMP0270,Priya Nair,Hyderabad,WM Technician,Operations,Male,40,2021-11-18,Active,29211,Morning
EMP0271,Sneha Das,Hyderabad,Helper,Operations,Male,33,2022-10-19,Active,23678,Morning
EMP0272,Anjali Patel,Hyderabad,RF Technician,Operations,Male,20,2020-07-16,Active,34323,Evening
EMP0273,Pooja Sharma,Hyderabad,RF Technician,Operations,Female,51,2024-03-31,Active,33754,General
EMP0274,Ankit Das,Hyderabad,WM Technician,Operations,Female,34,2021-10-28,Active,27696,Morning
EMP0275,Vijay Reddy,Hyderabad,RF Technician,Operations,Male,36,2021-03-04,Active,29215,Evening
EMP0276,Kavya Kumar,Hyderabad,AC Technician,Operations,Male,24,2026-02-18,Active,31525,Evening
EMP0277,Amit Roy,Hyderabad,AC Technician,Operations,Male,30,2024-11-13,Active,32573,Morning
EMP0278,Rohit Das,Hyderabad,AC Technician,Operations,Male,32,2024-08-03,Active,41422,General
EMP0279,Kavya Patel,Hyderabad,AC Technician,Operations,Male,26,2020-07-22,Active,36437,General
EMP0280,Kavya Singh,Hyderabad,RF Technician,Operations,Male,20,2024-10-17,Active,29435,Evening
EMP0281,Ravi Nair,Hyderabad,AC Technician,Operations,Male,33,2021-11-30,Active,40456,Evening
EMP0282,Rohit Sharma,Hyderabad,WM Technician,Operations,Female,39,2024-06-16,Active,27857,Evening
EMP0283,Sneha Patel,Hyderabad,WM Technician,Operations,Male,44,2022-01-27,Active,27039,Evening
EMP0284,Arjun Das,Hyderabad,AC Technician,Operations,Male,36,2024-12-06,Active,37619,Evening
EMP0285,Sneha Gupta,Hyderabad,WM Technician,Operations,Male,29,2021-01-31,Active,24702,General
EMP0286,Anjali Gupta,Hyderabad,Helper,Operations,Male,34,2026-03-17,Active,18499,Evening
EMP0287,Deepak Sharma,Hyderabad,AC Technician,Operations,Male,50,2026-06-03,Active,33860,Evening
EMP0288,Suresh Sharma,Hyderabad,AC Technician,Operations,Male,22,2025-08-18,Active,39358,General
EMP0289,Kiran Singh,Hyderabad,WM Technician,Operations,Female,48,2021-12-09,Active,31774,Morning
EMP0290,Kiran Patel,Hyderabad,WM Technician,Operations,Male,47,2020-11-16,Active,29596,Evening
EMP0291,Ravi Reddy,Hyderabad,AC Technician,Operations,Female,36,2023-08-02,Active,41912,Morning
EMP0292,Neha Kumar,Hyderabad,AC Technician,Operations,Male,55,2023-08-28,Active,34525,General
EMP0293,Suresh Patel,Hyderabad,AC Technician,Operations,Male,53,2024-09-14,Active,31843,Evening
EMP0294,Deepak Gupta,Hyderabad,AC Technician,Operations,Male,26,2021-03-08,Active,39219,Morning
EMP0295,Kavya Saha,Hyderabad,RF Technician,Operations,Female,46,2022-12-17,Active,34275,General
EMP0296,Suresh Saha,Hyderabad,Helper,Operations,Male,22,2021-12-06,Active,20256,Evening
EMP0297,Arjun Kumar,Hyderabad,WM Technician,Operations,Male,45,2020-06-07,Active,27242,Evening
EMP0298,Deepak Das,Hyderabad,AC Technician,Operations,Male,37,2024-03-05,Active,30331,Evening
EMP0299,Deepak Nair,Hyderabad,RF Technician,Operations,Male,51,2021-02-06,Active,31734,Morning
EMP0300,Ravi Singh,Hyderabad,WM Technician,Operations,Male,40,2023-01-08,Active,29970,Evening
EMP0301,Ankit Gupta,Bangalore,RF Technician,Operations,Male,46,2025-06-07,Active,36462,Evening
EMP0302,Pooja Patel,Bangalore,AC Technician,Operations,Male,24,2023-06-28,Active,41625,General
EMP0303,Kiran Singh,Bangalore,Helper,Operations,Male,53,2026-05-18,Active,18237,Morning
EMP0304,Sneha Singh,Bangalore,AC Technician,Operations,Female,35,2020-05-15,Active,37478,Morning
EMP0305,Amit Kumar,Bangalore,WM Technician,Operations,Male,49,2025-08-30,Active,27251,General
EMP0306,Sneha Roy,Bangalore,WM Technician,Operations,Male,51,2025-01-01,Active,25454,Evening
EMP0307,Pooja Kumar,Bangalore,WM Technician,Operations,Male,36,2021-01-05,Active,26335,Morning
EMP0308,Kiran Das,Bangalore,RF Technician,Operations,Male,33,2022-06-25,Active,31688,General
EMP0309,Kavya Patel,Bangalore,AC Technician,Operations,Male,52,2020-03-23,Active,41177,Morning
EMP0310,Deepak Das,Bangalore,Helper,Operations,Male,20,2022-07-05,Active,20067,General
EMP0311,Kiran Nair,Bangalore,Helper,Operations,Male,44,2023-11-29,Active,21760,Evening
EMP0312,Rahul Gupta,Bangalore,Helper,Operations,Male,53,2024-06-14,Active,22788,Morning
EMP0313,Deepak Das,Bangalore,RF Technician,Operations,Female,43,2026-04-18,Active,37728,General
EMP0314,Priya Das,Bangalore,AC Technician,Operations,Male,50,2020-09-18,Active,35509,Evening
EMP0315,Arjun Kumar,Bangalore,AC Technician,Operations,Male,39,2022-02-10,Active,32456,General
EMP0316,Rahul Nair,Bangalore,Helper,Operations,Male,45,2023-08-02,Active,23576,Morning
EMP0317,Ankit Saha,Bangalore,WM Technician,Operations,Female,36,2024-09-10,Active,27314,Evening
EMP0318,Kavya Roy,Bangalore,RF Technician,Operations,Male,32,2023-11-06,Active,31643,General
EMP0319,Amit Nair,Bangalore,RF Technician,Operations,Male,30,2026-04-05,Active,30967,Evening
EMP0320,Priya Sharma,Bangalore,RF Technician,Operations,Male,36,2026-04-08,Active,30999,General
EMP0321,Sneha Das,Bangalore,RF Technician,Operations,Male,34,2023-06-11,Active,34889,Evening
EMP0322,Ravi Nair,Bangalore,RF Technician,Operations,Male,49,2021-04-27,Active,35709,Morning
EMP0323,Deepak Reddy,Bangalore,Helper,Operations,Female,52,2021-05-05,Active,23576,Evening
EMP0324,Anjali Saha,Bangalore,AC Technician,Operations,Male,29,2021-07-16,Active,33281,Evening
EMP0325,Vijay Sharma,Bangalore,WM Technician,Operations,Female,49,2021-08-09,Active,26591,General
EMP0326,Rahul Nair,Bangalore,WM Technician,Operations,Male,31,2023-07-07,Active,29197,Morning
EMP0327,Kavya Sharma,Bangalore,WM Technician,Operations,Male,30,2026-06-18,Active,30262,Morning
EMP0328,Kavya Reddy,Bangalore,AC Technician,Operations,Male,47,2024-10-24,Active,36609,Evening
EMP0329,Rahul Roy,Bangalore,AC Technician,Operations,Male,54,2022-03-27,Active,41971,Evening
EMP0330,Rahul Singh,Bangalore,RF Technician,Operations,Male,53,2022-02-19,Active,28293,General
EMP0331,Pooja Gupta,Bangalore,WM Technician,Operations,Male,42,2023-07-02,Active,25056,Morning
EMP0332,Deepak Nair,Bangalore,RF Technician,Operations,Male,30,2020-09-24,Active,28749,Evening
EMP0333,Suresh Roy,Bangalore,Helper,Operations,Male,53,2023-10-15,Active,21552,General
EMP0334,Pooja Kumar,Bangalore,AC Technician,Operations,Female,51,2024-01-11,Active,33087,Morning
EMP0335,Vijay Sharma,Bangalore,AC Technician,Operations,Male,28,2022-05-15,Active,30359,General
EMP0336,Ankit Saha,Bangalore,AC Technician,Operations,Male,22,2024-03-16,Active,40491,Evening
EMP0337,Amit Reddy,Bangalore,Helper,Operations,Female,26,2020-03-21,Active,18395,General
EMP0338,Suresh Singh,Bangalore,Helper,Operations,Male,27,2026-02-19,Active,20070,Evening
EMP0339,Amit Gupta,Bangalore,RF Technician,Operations,Male,20,2023-05-18,Active,34895,General
EMP0340,Amit Das,Bangalore,AC Technician,Operations,Male,28,2024-09-11,Active,31718,General
EMP0341,Kiran Das,Bangalore,Helper,Operations,Male,26,2025-07-31,Active,19627,General
EMP0342,Deepak Patel,Bangalore,AC Technician,Operations,Female,32,2024-01-06,Active,41525,Evening
EMP0343,Priya Singh,Bangalore,Helper,Operations,Male,51,2022-04-30,Active,23637,Evening
EMP0344,Kavya Patel,Bangalore,RF Technician,Operations,Male,25,2021-03-28,Active,37406,General
EMP0345,Amit Das,Bangalore,AC Technician,Operations,Female,52,2020-11-03,Active,41854,General
EMP0346,Ankit Sharma,Bangalore,AC Technician,Operations,Male,49,2023-04-27,Active,34327,Evening
EMP0347,Priya Reddy,Bangalore,RF Technician,Operations,Male,22,2023-04-05,Active,33901,General
EMP0348,Vijay Roy,Bangalore,WM Technician,Operations,Male,26,2020-07-06,Active,24079,Morning
EMP0349,Priya Patel,Bangalore,AC Technician,Operations,Male,48,2023-01-03,Active,31522,Evening
EMP0350,Kavya Reddy,Bangalore,AC Technician,Operations,Male,45,2025-02-12,Active,34453,Evening
EMP0351,Ankit Patel,Bangalore,WM Technician,Operations,Male,30,2021-04-08,Active,25085,General
EMP0352,Vijay Saha,Bangalore,WM Technician,Operations,Male,50,2026-05-19,Active,29557,Evening
EMP0353,Suresh Nair,Bangalore,AC Technician,Operations,Male,42,2020-04-28,Active,41214,General
EMP0354,Ravi Das,Bangalore,Helper,Operations,Female,27,2024-08-11,Active,21610,Morning
EMP0355,Arjun Roy,Bangalore,Helper,Operations,Male,20,2025-11-19,Active,24287,General
EMP0356,Arjun Nair,Bangalore,AC Technician,Operations,Male,26,2024-11-07,Active,40841,General
EMP0357,Ankit Kumar,Bangalore,AC Technician,Operations,Male,44,2021-08-31,Active,39147,General
EMP0358,Vijay Sharma,Bangalore,RF Technician,Operations,Male,30,2025-09-01,Active,35688,Evening
EMP0359,Ankit Gupta,Bangalore,Helper,Operations,Male,40,2022-09-13,Active,20710,Evening
EMP0360,Neha Nair,Bangalore,RF Technician,Operations,Male,44,2024-07-09,Active,31850,Morning
EMP0361,Priya Sharma,Bangalore,AC Technician,Operations,Male,48,2020-12-26,Active,38166,Evening
EMP0362,Ankit Gupta,Bangalore,Helper,Operations,Female,21,2021-02-24,Active,21304,Evening
EMP0363,Kiran Nair,Bangalore,Helper,Operations,Male,25,2023-06-01,Active,22164,General
EMP0364,Priya Gupta,Bangalore,AC Technician,Operations,Female,43,2020-08-10,Active,33652,Evening
EMP0365,Amit Singh,Bangalore,RF Technician,Operations,Male,50,2024-01-28,Active,35414,Morning
EMP0366,Sneha Sharma,Bangalore,AC Technician,Operations,Male,42,2023-04-10,Active,38973,General
EMP0367,Anjali Sharma,Bangalore,RF Technician,Operations,Male,30,2025-07-09,Active,30301,General
EMP0368,Kiran Nair,Bangalore,AC Technician,Operations,Male,32,2022-02-07,Active,31978,Evening
EMP0369,Ankit Saha,Bangalore,Helper,Operations,Female,32,2023-10-16,Active,18882,Evening
EMP0370,Suresh Nair,Bangalore,Helper,Operations,Male,48,2025-02-16,Active,23394,General
EMP0371,Kavya Gupta,Bangalore,RF Technician,Operations,Male,23,2026-03-16,Active,35091,General
EMP0372,Suresh Sharma,Bangalore,RF Technician,Operations,Male,31,2026-06-27,Active,30845,General
EMP0373,Arjun Das,Bangalore,Helper,Operations,Male,40,2025-08-26,Active,21151,Evening
EMP0374,Suresh Reddy,Bangalore,WM Technician,Operations,Male,41,2023-04-19,Active,27709,Morning
EMP0375,Priya Gupta,Bangalore,WM Technician,Operations,Male,52,2023-05-09,Active,30906,General
EMP0376,Deepak Roy,Bangalore,Helper,Operations,Male,32,2022-05-08,Active,23113,General
EMP0377,Priya Sharma,Bangalore,WM Technician,Operations,Female,28,2021-12-29,Active,28127,General
EMP0378,Anjali Gupta,Bangalore,WM Technician,Operations,Male,55,2025-05-21,Active,28774,General
EMP0379,Rahul Reddy,Bangalore,WM Technician,Operations,Male,47,2020-02-22,Active,28282,Morning
EMP0380,Deepak Das,Bangalore,RF Technician,Operations,Male,23,2022-03-29,Active,32374,Morning
EMP0381,Ankit Roy,Bangalore,AC Technician,Operations,Male,23,2023-04-23,Active,33342,General
EMP0382,Pooja Singh,Bangalore,AC Technician,Operations,Male,26,2026-04-20,Active,33675,General
EMP0383,Anjali Roy,Bangalore,RF Technician,Operations,Male,38,2020-07-11,Active,34251,Evening
EMP0384,Neha Singh,Bangalore,AC Technician,Operations,Female,23,2020-02-23,Active,34117,Morning
EMP0385,Kiran Das,Bangalore,AC Technician,Operations,Female,43,2026-02-16,Active,39885,Morning
EMP0386,Amit Reddy,Bangalore,WM Technician,Operations,Male,24,2022-02-04,Active,31884,Morning
EMP0387,Vijay Saha,Bangalore,Helper,Operations,Male,37,2026-03-29,Active,20164,Morning
EMP0388,Suresh Kumar,Bangalore,WM Technician,Operations,Female,20,2023-09-15,Active,27820,General
EMP0389,Deepak Nair,Bangalore,Helper,Operations,Male,40,2020-07-27,Active,24337,General
EMP0390,Priya Gupta,Bangalore,Helper,Operations,Male,55,2024-01-06,Active,18597,General
EMP0391,Vijay Reddy,Bangalore,RF Technician,Operations,Male,31,2025-11-02,Active,29117,General
EMP0392,Kiran Roy,Bangalore,AC Technician,Operations,Male,45,2021-01-11,Active,35724,Morning
EMP0393,Kavya Gupta,Bangalore,AC Technician,Operations,Male,38,2022-06-13,Active,40129,General
EMP0394,Neha Singh,Bangalore,WM Technician,Operations,Female,20,2021-04-14,Active,29479,Evening
EMP0395,Amit Reddy,Bangalore,RF Technician,Operations,Female,35,2020-06-12,Active,33258,Evening
EMP0396,Neha Nair,Bangalore,RF Technician,Operations,Male,38,2020-04-11,Active,36468,Evening
EMP0397,Amit Patel,Bangalore,WM Technician,Operations,Male,32,2023-08-05,Active,28209,Morning
EMP0398,Ravi Singh,Bangalore,AC Technician,Operations,Female,54,2025-12-24,Active,30120,General
EMP0399,Anjali Sharma,Bangalore,AC Technician,Operations,Male,33,2024-10-03,Active,31702,Morning
EMP0400,Priya Kumar,Bangalore,RF Technician,Operations,Male,29,2020-04-07,Active,35523,General
EMP0401,Ravi Saha,Bangalore,AC Technician,Operations,Male,23,2021-12-30,Active,34127,General
EMP0402,Pooja Reddy,Bangalore,AC Technician,Operations,Female,36,2024-07-27,Active,36357,Evening
EMP0403,Ravi Saha,Bangalore,AC Technician,Operations,Male,44,2021-04-29,Active,38762,Morning
EMP0404,Amit Das,Bangalore,WM Technician,Operations,Male,24,2024-01-05,Active,31602,General
EMP0405,Pooja Reddy,Bangalore,AC Technician,Operations,Male,39,2020-12-20,Active,34612,Evening
EMP0406,Arjun Patel,Bangalore,WM Technician,Operations,Female,21,2025-04-25,Active,25280,General
EMP0407,Deepak Roy,Bangalore,AC Technician,Operations,Male,54,2023-04-23,Active,40388,Morning
EMP0408,Amit Kumar,Bangalore,RF Technician,Operations,Female,20,2026-03-17,Active,37094,Morning
EMP0409,Deepak Singh,Bangalore,AC Technician,Operations,Male,45,2026-01-09,Active,38970,Morning
EMP0410,Suresh Patel,Bangalore,WM Technician,Operations,Male,42,2022-05-17,Active,27380,General
EMP0411,Ankit Gupta,Bangalore,AC Technician,Operations,Male,36,2022-03-06,Active,31877,Morning
EMP0412,Ravi Das,Bangalore,WM Technician,Operations,Male,55,2020-10-26,Active,26381,General
EMP0413,Arjun Sharma,Bangalore,WM Technician,Operations,Male,51,2023-09-17,Active,26925,Morning
EMP0414,Neha Roy,Bangalore,AC Technician,Operations,Male,24,2022-03-03,Active,35206,Evening
EMP0415,Sneha Roy,Bangalore,WM Technician,Operations,Male,39,2026-07-20,Active,25248,General
EMP0416,Arjun Reddy,Bangalore,AC Technician,Operations,Female,30,2020-01-20,Active,35131,Morning
EMP0417,Neha Nair,Bangalore,RF Technician,Operations,Male,43,2021-07-04,Active,33432,Evening
EMP0418,Vijay Saha,Bangalore,WM Technician,Operations,Male,39,2025-06-17,Active,28519,Morning
EMP0419,Rohit Sharma,Bangalore,Helper,Operations,Male,37,2021-07-27,Active,22412,Morning
EMP0420,Pooja Saha,Bangalore,WM Technician,Operations,Male,21,2025-09-08,Active,29174,Morning
EMP0421,Kavya Patel,Bangalore,WM Technician,Operations,Male,22,2026-03-09,Active,26134,General
EMP0422,Ravi Reddy,Bangalore,RF Technician,Operations,Male,34,2023-04-06,Active,30193,Evening
EMP0423,Vijay Gupta,Bangalore,AC Technician,Operations,Male,20,2022-09-05,Active,40060,General
EMP0424,Suresh Nair,Bangalore,AC Technician,Operations,Male,30,2022-01-03,Active,39279,General
EMP0425,Arjun Sharma,Bangalore,WM Technician,Operations,Female,22,2022-06-15,Active,30237,Evening
EMP0426,Sneha Reddy,Bangalore,Helper,Operations,Male,34,2020-06-24,Active,23477,Morning
EMP0427,Priya Sharma,Bangalore,RF Technician,Operations,Male,49,2020-07-09,Active,28653,General
EMP0428,Vijay Reddy,Bangalore,AC Technician,Operations,Male,53,2023-01-25,Active,34314,General
EMP0429,Pooja Singh,Bangalore,Helper,Operations,Male,43,2020-11-14,Active,22232,Evening
EMP0430,Rahul Gupta,Bangalore,Helper,Operations,Male,42,2023-11-14,Active,21988,Evening
EMP0431,Rohit Singh,Bangalore,AC Technician,Operations,Female,48,2021-11-09,Active,33768,Morning
EMP0432,Amit Singh,Bangalore,Helper,Operations,Male,30,2024-01-23,Active,22931,General
EMP0433,Kavya Nair,Bangalore,WM Technician,Operations,Male,41,2021-04-09,Active,27944,General
EMP0434,Ankit Patel,Bangalore,RF Technician,Operations,Male,30,2024-08-10,Active,28367,Morning
EMP0435,Suresh Kumar,Bangalore,RF Technician,Operations,Male,30,2021-07-05,Active,36399,Morning
EMP0436,Rahul Das,Bangalore,Helper,Operations,Male,31,2025-10-17,Active,21321,General
EMP0437,Kavya Patel,Bangalore,Helper,Operations,Female,33,2025-01-13,Active,22968,Evening
EMP0438,Rohit Patel,Bangalore,AC Technician,Operations,Male,46,2021-08-07,Active,39546,Morning
EMP0439,Ravi Singh,Bangalore,AC Technician,Operations,Male,41,2025-01-31,Active,39773,General
EMP0440,Anjali Patel,Bangalore,RF Technician,Operations,Male,28,2021-03-20,Active,28271,Morning
EMP0441,Ankit Gupta,Bangalore,WM Technician,Operations,Male,31,2025-05-03,Active,31385,General
EMP0442,Suresh Saha,Bangalore,WM Technician,Operations,Male,27,2021-01-16,Active,27950,General
EMP0443,Sneha Kumar,Bangalore,AC Technician,Operations,Male,20,2024-11-02,Active,38553,Evening
EMP0444,Sneha Saha,Bangalore,AC Technician,Operations,Male,47,2022-07-28,Active,37899,Evening
EMP0445,Kavya Singh,Bangalore,WM Technician,Operations,Male,26,2024-10-08,Active,25096,Evening
EMP0446,Anjali Das,Bangalore,AC Technician,Operations,Female,25,2023-03-06,Active,39802,General
EMP0447,Rahul Reddy,Bangalore,RF Technician,Operations,Male,20,2026-06-25,Active,36561,Morning
EMP0448,Suresh Reddy,Bangalore,Helper,Operations,Male,40,2024-08-01,Active,20967,Morning
EMP0449,Sneha Saha,Bangalore,AC Technician,Operations,Male,36,2022-12-06,Active,38783,Evening
EMP0450,Kavya Patel,Bangalore,RF Technician,Operations,Male,45,2022-04-14,Active,34770,General
EMP0451,Sneha Reddy,Bangalore,Helper,Operations,Male,55,2025-06-04,Active,20078,Evening
EMP0452,Vijay Sharma,Bangalore,AC Technician,Operations,Male,27,2022-07-30,Active,37317,General
EMP0453,Ankit Patel,Bangalore,RF Technician,Operations,Male,45,2023-10-18,Active,37020,General
EMP0454,Anjali Sharma,Bangalore,RF Technician,Operations,Male,20,2021-01-08,Active,30381,Evening
EMP0455,Ankit Reddy,Bangalore,Helper,Operations,Male,34,2024-02-27,Active,18655,General
EMP0456,Ankit Patel,Bangalore,Helper,Operations,Female,45,2025-11-04,Active,20346,General
EMP0457,Deepak Singh,Bangalore,WM Technician,Operations,Male,48,2020-02-13,Active,25652,General
EMP0458,Vijay Kumar,Bangalore,WM Technician,Operations,Male,52,2025-10-13,Active,29721,Morning
EMP0459,Pooja Roy,Bangalore,RF Technician,Operations,Male,20,2021-10-06,Active,29422,Evening
EMP0460,Rahul Sharma,Bangalore,WM Technician,Operations,Male,45,2026-07-28,Active,25640,General
EMP0461,Sneha Roy,Bangalore,WM Technician,Operations,Female,55,2023-03-11,Active,29948,General
EMP0462,Neha Reddy,Bangalore,Helper,Operations,Female,37,2022-07-15,Active,22967,Morning
EMP0463,Amit Gupta,Bangalore,AC Technician,Operations,Male,36,2021-12-17,Active,36670,General
EMP0464,Rohit Gupta,Bangalore,WM Technician,Operations,Male,38,2023-10-24,Active,31757,Morning
EMP0465,Kavya Singh,Bangalore,WM Technician,Operations,Male,36,2024-12-18,Active,31913,Evening
EMP0466,Kavya Sharma,Bangalore,RF Technician,Operations,Male,49,2025-03-02,Active,37614,Morning
EMP0467,Arjun Roy,Bangalore,WM Technician,Operations,Male,44,2022-06-21,Active,29545,General
EMP0468,Rohit Singh,Bangalore,AC Technician,Operations,Male,42,2025-10-16,Active,38776,Morning
EMP0469,Vijay Nair,Bangalore,AC Technician,Operations,Male,45,2023-11-01,Active,31245,General
EMP0470,Kiran Nair,Bangalore,Helper,Operations,Male,33,2026-06-07,Active,20204,Morning
EMP0471,Arjun Singh,Bangalore,AC Technician,Operations,Male,35,2022-09-18,Active,34348,Morning
EMP0472,Ravi Nair,Bangalore,AC Technician,Operations,Female,42,2021-09-30,Active,31747,Morning
EMP0473,Sneha Saha,Bangalore,Helper,Operations,Male,54,2020-06-22,Active,24946,Evening
EMP0474,Rohit Reddy,Bangalore,Helper,Operations,Male,37,2025-07-03,Active,19498,General
EMP0475,Kavya Gupta,Bangalore,Helper,Operations,Male,28,2020-08-09,Active,22306,Evening
EMP0476,Amit Gupta,Bangalore,RF Technician,Operations,Male,42,2024-05-31,Active,30863,Evening
EMP0477,Amit Roy,Bangalore,RF Technician,Operations,Male,20,2020-02-18,Active,31452,Evening
EMP0478,Arjun Das,Bangalore,WM Technician,Operations,Male,36,2022-02-05,Active,28493,Evening
EMP0479,Anjali Singh,Bangalore,AC Technician,Operations,Male,41,2024-02-07,Active,33013,Evening
EMP0480,Rohit Nair,Bangalore,WM Technician,Operations,Male,43,2024-02-04,Active,30998,Evening
EMP0481,Rohit Singh,Bangalore,RF Technician,Operations,Male,28,2026-06-16,Active,31744,Morning
EMP0482,Suresh Nair,Bangalore,AC Technician,Operations,Male,44,2022-03-14,Active,32389,General
EMP0483,Priya Nair,Bangalore,WM Technician,Operations,Male,31,2024-09-22,Active,28092,Morning
EMP0484,Amit Patel,Bangalore,WM Technician,Operations,Male,55,2026-05-14,Active,24390,Evening
EMP0485,Neha Roy,Bangalore,AC Technician,Operations,Male,36,2025-05-05,Active,40319,Morning
EMP0486,Sneha Kumar,Bangalore,RF Technician,Operations,Male,43,2026-04-14,Active,37133,Evening
EMP0487,Vijay Das,Bangalore,Helper,Operations,Male,42,2022-03-25,Active,22725,General
EMP0488,Neha Sharma,Bangalore,Helper,Operations,Male,52,2025-06-19,Active,24346,General
EMP0489,Vijay Roy,Bangalore,AC Technician,Operations,Male,38,2025-03-14,Active,40349,Morning
EMP0490,Priya Singh,Bangalore,Helper,Operations,Male,45,2020-10-19,Active,18648,Morning
EMP0491,Pooja Das,Bangalore,WM Technician,Operations,Male,38,2022-12-31,Active,28959,General
EMP0492,Vijay Patel,Bangalore,Helper,Operations,Female,43,2025-11-03,Active,21688,Evening
EMP0493,Ravi Singh,Bangalore,RF Technician,Operations,Female,28,2022-08-19,Active,32122,General
EMP0494,Ankit Kumar,Bangalore,AC Technician,Operations,Male,26,2021-01-26,Active,31045,Evening
EMP0495,Suresh Sharma,Bangalore,AC Technician,Operations,Male,53,2020-12-06,Active,31702,Evening
EMP0496,Deepak Nair,Bangalore,RF Technician,Operations,Male,44,2023-06-21,Active,31757,Morning
EMP0497,Ankit Roy,Bangalore,AC Technician,Operations,Male,28,2025-11-27,Active,32795,Morning
EMP0498,Rohit Gupta,Bangalore,WM Technician,Operations,Female,40,2025-05-04,Active,27827,General
EMP0499,Neha Saha,Bangalore,AC Technician,Operations,Male,54,2021-12-26,Active,39680,General
EMP0500,Arjun Sharma,Bangalore,Helper,Operations,Male,54,2023-06-22,Active,20844,Evening
EMP0501,Deepak Kumar,Bangalore,RF Technician,Operations,Male,43,2024-08-15,Active,32256,Morning
EMP0502,Rahul Nair,Bangalore,WM Technician,Operations,Male,28,2023-11-09,Active,26349,Evening
EMP0503,Deepak Saha,Bangalore,WM Technician,Operations,Female,50,2023-05-12,Active,24074,Evening
EMP0504,Anjali Gupta,Bangalore,RF Technician,Operations,Male,20,2026-02-23,Active,34121,Morning
EMP0505,Pooja Reddy,Bangalore,WM Technician,Operations,Male,35,2021-10-30,Active,29856,General
EMP0506,Rohit Das,Bangalore,Helper,Operations,Male,25,2024-09-25,Active,23122,Morning
EMP0507,Ravi Patel,Bangalore,Helper,Operations,Male,54,2023-01-06,Active,21382,Morning
EMP0508,Rohit Saha,Bangalore,Helper,Operations,Male,27,2025-02-08,Active,23060,Evening
EMP0509,Rahul Patel,Bangalore,WM Technician,Operations,Male,40,2020-03-20,Active,25246,Morning
EMP0510,Neha Kumar,Bangalore,AC Technician,Operations,Female,38,2023-01-07,Active,32048,General
EMP0511,Priya Reddy,Bangalore,WM Technician,Operations,Male,29,2020-03-01,Active,28043,Morning
EMP0512,Ankit Roy,Bangalore,AC Technician,Operations,Male,51,2024-03-01,Active,37597,General
EMP0513,Ravi Gupta,Bangalore,Helper,Operations,Male,29,2020-08-17,Active,20183,Evening
EMP0514,Rahul Sharma,Bangalore,WM Technician,Operations,Male,32,2022-10-21,Active,30694,Evening
EMP0515,Arjun Kumar,Bangalore,WM Technician,Operations,Female,35,2024-04-25,Active,30317,Evening
EMP0516,Kavya Reddy,Bangalore,AC Technician,Operations,Male,26,2025-11-04,Active,40911,Morning
EMP0517,Ankit Gupta,Bangalore,RF Technician,Operations,Male,39,2023-08-16,Active,30598,General
EMP0518,Kiran Roy,Bangalore,AC Technician,Operations,Male,36,2025-05-25,Active,40461,Evening
EMP0519,Anjali Roy,Bangalore,AC Technician,Operations,Female,33,2021-04-07,Active,33866,General
EMP0520,Arjun Kumar,Bangalore,RF Technician,Operations,Male,37,2026-07-22,Active,29960,Evening
EMP0521,Arjun Patel,Bangalore,RF Technician,Operations,Female,50,2021-09-26,Active,34084,Morning
EMP0522,Suresh Gupta,Bangalore,Helper,Operations,Male,41,2020-09-02,Active,18489,Evening
EMP0523,Sneha Nair,Bangalore,RF Technician,Operations,Male,28,2025-06-21,Active,31812,Evening
EMP0524,Suresh Das,Bangalore,AC Technician,Operations,Male,21,2024-03-27,Active,35868,General
EMP0525,Kavya Singh,Bangalore,Helper,Operations,Female,51,2024-11-27,Active,22579,Evening
EMP0526,Neha Das,Bangalore,Helper,Operations,Male,54,2023-11-25,Active,20651,General
EMP0527,Suresh Nair,Bangalore,WM Technician,Operations,Female,55,2021-10-18,Active,24564,General
EMP0528,Rahul Gupta,Bangalore,AC Technician,Operations,Male,36,2026-01-27,Active,36014,Evening
EMP0529,Arjun Roy,Bangalore,RF Technician,Operations,Male,31,2020-03-17,Active,33965,General
EMP0530,Kavya Gupta,Bangalore,WM Technician,Operations,Male,54,2024-05-06,Active,25555,General
EMP0531,Priya Sharma,Bangalore,Helper,Operations,Male,38,2023-08-14,Active,21357,General
EMP0532,Vijay Kumar,Bangalore,WM Technician,Operations,Male,24,2020-06-28,Active,30841,Morning
EMP0533,Pooja Nair,Bangalore,AC Technician,Operations,Male,51,2022-02-23,Active,31617,Morning
EMP0534,Ravi Kumar,Bangalore,Helper,Operations,Male,36,2020-07-20,Active,21001,Morning
EMP0535,Ankit Roy,Bangalore,AC Technician,Operations,Female,33,2025-07-05,Active,31310,Evening
EMP0536,Rohit Gupta,Bangalore,AC Technician,Operations,Male,46,2024-02-20,Active,41606,Morning
EMP0537,Amit Sharma,Bangalore,RF Technician,Operations,Male,24,2023-05-29,Active,29276,Morning
EMP0538,Arjun Saha,Bangalore,AC Technician,Operations,Male,54,2024-04-27,Active,33104,Morning
EMP0539,Amit Saha,Bangalore,AC Technician,Operations,Male,31,2026-04-06,Active,39144,Evening
EMP0540,Vijay Gupta,Bangalore,RF Technician,Operations,Male,49,2024-10-15,Active,29705,Morning
EMP0541,Neha Roy,Bangalore,RF Technician,Operations,Male,41,2021-10-09,Active,36747,General
EMP0542,Anjali Reddy,Bangalore,Helper,Operations,Female,55,2023-08-22,Active,24921,Evening
EMP0543,Kiran Reddy,Bangalore,AC Technician,Operations,Female,40,2022-09-12,Active,39226,General
EMP0544,Pooja Kumar,Bangalore,Helper,Operations,Male,36,2024-01-14,Active,21706,Evening
EMP0545,Deepak Kumar,Bangalore,Helper,Operations,Male,38,2020-03-07,Active,22240,Morning
EMP0546,Rohit Gupta,Bangalore,Helper,Operations,Male,34,2022-05-29,Active,20579,Morning
EMP0547,Sneha Patel,Bangalore,AC Technician,Operations,Male,29,2021-01-21,Active,30618,Evening
EMP0548,Rohit Das,Bangalore,RF Technician,Operations,Male,43,2026-07-12,Active,32093,Morning
EMP0549,Ravi Roy,Bangalore,AC Technician,Operations,Male,45,2026-05-19,Active,33562,General
EMP0550,Deepak Kumar,Bangalore,RF Technician,Operations,Male,31,2025-06-22,Active,37440,Morning
EMP0551,Sneha Reddy,Bangalore,AC Technician,Operations,Male,44,2020-11-17,Active,30916,Evening
EMP0552,Rahul Reddy,Bangalore,AC Technician,Operations,Male,27,2022-07-17,Active,40695,General
EMP0553,Suresh Roy,Bangalore,RF Technician,Operations,Male,53,2020-06-17,Active,33231,General
EMP0554,Pooja Nair,Bangalore,RF Technician,Operations,Male,34,2021-09-19,Active,28827,General
EMP0555,Deepak Reddy,Bangalore,RF Technician,Operations,Male,52,2021-01-03,Active,31638,Evening
EMP0556,Ankit Gupta,Bangalore,Helper,Operations,Male,41,2020-12-04,Active,21898,General
EMP0557,Suresh Patel,Bangalore,AC Technician,Operations,Male,25,2024-06-20,Active,38221,Evening
EMP0558,Kiran Gupta,Bangalore,AC Technician,Operations,Male,32,2025-06-21,Active,36476,General
EMP0559,Rohit Reddy,Bangalore,Helper,Operations,Male,53,2022-10-05,Active,19985,Morning
EMP0560,Anjali Roy,Bangalore,AC Technician,Operations,Male,25,2021-04-05,Active,41005,Evening
EMP0561,Rahul Das,Bangalore,RF Technician,Operations,Male,40,2023-11-12,Active,37730,General
EMP0562,Ankit Singh,Bangalore,RF Technician,Operations,Male,42,2024-12-16,Active,30389,Evening
EMP0563,Ravi Sharma,Bangalore,Helper,Operations,Male,43,2021-09-30,Active,24207,General
EMP0564,Rahul Roy,Bangalore,Helper,Operations,Male,35,2021-08-27,Active,24819,Evening
EMP0565,Rahul Roy,Bangalore,RF Technician,Operations,Male,27,2023-06-03,Active,35373,Evening
EMP0566,Rohit Gupta,Bangalore,RF Technician,Operations,Male,54,2022-05-17,Active,31339,General
EMP0567,Ankit Das,Bangalore,WM Technician,Operations,Male,29,2020-03-16,Active,27085,General
EMP0568,Rohit Kumar,Bangalore,Helper,Operations,Male,38,2022-04-02,Active,24465,General
EMP0569,Rohit Roy,Bangalore,RF Technician,Operations,Male,20,2020-09-29,Active,34367,General
EMP0570,Pooja Singh,Bangalore,WM Technician,Operations,Female,21,2023-04-13,Active,31105,General
EMP0571,Ravi Patel,Bangalore,Helper,Operations,Female,52,2021-02-11,Active,20584,Evening
EMP0572,Arjun Gupta,Bangalore,RF Technician,Operations,Male,49,2026-04-15,Active,28352,Morning
EMP0573,Sneha Roy,Bangalore,AC Technician,Operations,Male,51,2024-05-30,Active,32572,Morning
EMP0574,Ankit Das,Bangalore,Helper,Operations,Male,39,2022-08-25,Active,22106,Evening
EMP0575,Suresh Roy,Bangalore,Helper,Operations,Female,21,2026-03-23,Active,20295,Morning
EMP0576,Arjun Reddy,Bangalore,Helper,Operations,Female,28,2020-12-25,Active,23979,Evening
EMP0577,Priya Nair,Bangalore,WM Technician,Operations,Male,29,2024-10-12,Active,31950,Evening
EMP0578,Kiran Patel,Bangalore,Helper,Operations,Male,33,2021-07-21,Active,22759,General
EMP0579,Vijay Roy,Bangalore,AC Technician,Operations,Male,53,2021-07-07,Active,37046,Morning
EMP0580,Suresh Kumar,Bangalore,AC Technician,Operations,Male,54,2021-04-29,Active,33016,Evening
EMP0581,Rohit Patel,Bangalore,Helper,Operations,Male,46,2024-08-11,Active,20485,Evening
EMP0582,Rohit Saha,Bangalore,RF Technician,Operations,Male,26,2021-06-22,Active,31026,Morning
EMP0583,Rahul Roy,Bangalore,RF Technician,Operations,Male,34,2022-08-09,Active,31783,General
EMP0584,Kavya Roy,Bangalore,Helper,Operations,Male,50,2021-07-03,Active,22115,General
EMP0585,Vijay Singh,Bangalore,RF Technician,Operations,Male,44,2025-07-05,Active,35763,Morning
EMP0586,Anjali Singh,Bangalore,WM Technician,Operations,Male,46,2020-03-02,Active,31581,Evening
EMP0587,Neha Saha,Bangalore,RF Technician,Operations,Male,32,2022-04-17,Active,29083,Morning
EMP0588,Pooja Kumar,Bangalore,Helper,Operations,Male,40,2025-02-17,Active,20021,Evening
EMP0589,Ankit Gupta,Bangalore,Helper,Operations,Male,44,2023-07-05,Active,21228,General
EMP0590,Pooja Kumar,Bangalore,Helper,Operations,Male,49,2020-06-22,Active,20012,General
EMP0591,Neha Reddy,Bangalore,Helper,Operations,Male,53,2020-07-20,Active,19555,Evening
EMP0592,Deepak Saha,Bangalore,AC Technician,Operations,Female,38,2025-03-04,Active,32727,Evening
EMP0593,Neha Sharma,Bangalore,Helper,Operations,Female,53,2021-08-05,Active,21797,General
EMP0594,Suresh Reddy,Bangalore,Helper,Operations,Male,27,2022-01-06,Active,24379,General
EMP0595,Kiran Nair,Bangalore,AC Technician,Operations,Male,48,2020-04-12,Active,32930,Evening
EMP0596,Amit Sharma,Bangalore,WM Technician,Operations,Male,40,2021-11-02,Active,29884,General
EMP0597,Pooja Gupta,Bangalore,WM Technician,Operations,Male,48,2024-01-26,Active,24698,General
EMP0598,Ankit Patel,Bangalore,WM Technician,Operations,Male,30,2024-03-31,Active,28508,Evening
EMP0599,Ankit Reddy,Bangalore,AC Technician,Operations,Female,29,2021-10-26,Active,32369,Morning
EMP0600,Suresh Singh,Bangalore,RF Technician,Operations,Male,48,2023-03-28,Active,30960,Morning
EMP0601,Kavya Gupta,Bangalore,RF Technician,Operations,Male,36,2020-02-20,Active,35514,Evening
EMP0602,Kavya Nair,Bangalore,AC Technician,Operations,Male,51,2022-09-01,Active,33553,General
EMP0603,Rohit Saha,Bangalore,WM Technician,Operations,Male,25,2020-01-27,Active,26004,General
EMP0604,Ankit Roy,Bangalore,Helper,Operations,Male,33,2020-07-19,Active,19514,Morning
EMP0605,Deepak Roy,Bangalore,WM Technician,Operations,Male,22,2026-06-25,Active,30865,General
EMP0606,Vijay Das,Bangalore,WM Technician,Operations,Female,23,2021-03-22,Active,27415,Morning
EMP0607,Sneha Kumar,Bangalore,Helper,Operations,Male,55,2021-12-27,Active,21730,General
EMP0608,Ravi Reddy,Bangalore,Helper,Operations,Male,39,2023-08-15,Active,21019,Evening
EMP0609,Amit Das,Bangalore,RF Technician,Operations,Female,24,2023-04-14,Active,35713,Morning
EMP0610,Kiran Saha,Bangalore,RF Technician,Operations,Male,46,2025-11-18,Active,31438,General
EMP0611,Deepak Reddy,Bangalore,RF Technician,Operations,Male,53,2020-12-25,Active,35924,General
EMP0612,Sneha Patel,Bangalore,Helper,Operations,Male,40,2022-11-29,Active,22304,General
EMP0613,Vijay Saha,Bangalore,RF Technician,Operations,Male,51,2025-10-29,Active,36154,Evening
EMP0614,Rahul Nair,Bangalore,RF Technician,Operations,Male,38,2022-03-03,Active,28025,Morning
EMP0615,Anjali Reddy,Bangalore,Helper,Operations,Male,27,2022-04-29,Active,24550,General
EMP0616,Kiran Das,Bangalore,RF Technician,Operations,Male,42,2026-04-14,Active,31478,Morning
EMP0617,Priya Kumar,Bangalore,Helper,Operations,Male,24,2023-06-14,Active,20459,General
EMP0618,Rahul Patel,Bangalore,AC Technician,Operations,Male,41,2023-10-30,Active,36488,General
EMP0619,Suresh Nair,Bangalore,Helper,Operations,Male,41,2025-05-16,Active,21887,Morning
EMP0620,Anjali Kumar,Bangalore,RF Technician,Operations,Male,49,2026-01-08,Active,33490,Evening
EMP0621,Priya Gupta,Bangalore,WM Technician,Operations,Female,39,2026-05-03,Active,29938,General
EMP0622,Sneha Sharma,Bangalore,Helper,Operations,Male,33,2026-06-23,Active,23615,Evening
EMP0623,Vijay Saha,Bangalore,AC Technician,Operations,Female,37,2020-05-07,Active,35556,Evening
EMP0624,Priya Kumar,Bangalore,WM Technician,Operations,Male,31,2021-04-23,Active,31082,Evening
EMP0625,Sneha Nair,Bangalore,WM Technician,Operations,Male,25,2025-07-28,Active,31184,Morning
EMP0626,Vijay Sharma,Bangalore,RF Technician,Operations,Female,39,2022-06-04,Active,36603,Evening
EMP0627,Rahul Nair,Bangalore,RF Technician,Operations,Male,22,2022-04-07,Active,29517,Evening
EMP0628,Deepak Roy,Bangalore,WM Technician,Operations,Female,29,2022-02-18,Active,26786,Evening
EMP0629,Kiran Kumar,Bangalore,AC Technician,Operations,Male,26,2025-10-15,Active,41087,Morning
EMP0630,Ankit Saha,Bangalore,RF Technician,Operations,Male,53,2021-04-19,Active,28067,Evening
EMP0631,Deepak Kumar,Bangalore,RF Technician,Operations,Female,41,2025-03-27,Active,28755,Morning
EMP0632,Kiran Das,Bangalore,Helper,Operations,Male,39,2022-05-09,Active,20628,Morning
EMP0633,Rohit Patel,Bangalore,WM Technician,Operations,Male,40,2024-12-11,Active,29497,Morning
EMP0634,Amit Singh,Bangalore,WM Technician,Operations,Male,27,2020-03-03,Active,31850,General
EMP0635,Deepak Saha,Bangalore,Helper,Operations,Male,55,2023-07-28,Active,20220,Morning
EMP0636,Neha Kumar,Bangalore,WM Technician,Operations,Male,24,2023-06-29,Active,29023,Evening
EMP0637,Ankit Sharma,Bangalore,RF Technician,Operations,Male,50,2020-07-25,Active,29735,Evening
EMP0638,Priya Singh,Bangalore,RF Technician,Operations,Male,31,2024-12-31,Active,33826,Evening
EMP0639,Suresh Sharma,Bangalore,WM Technician,Operations,Male,54,2020-11-17,Active,31976,Evening
EMP0640,Neha Nair,Bangalore,RF Technician,Operations,Male,49,2021-02-02,Active,35464,Evening
EMP0641,Sneha Reddy,Bangalore,Helper,Operations,Male,34,2021-08-11,Active,23053,Evening
EMP0642,Rahul Sharma,Bangalore,RF Technician,Operations,Male,41,2023-08-23,Active,35426,Evening
EMP0643,Deepak Roy,Bangalore,RF Technician,Operations,Male,42,2025-05-14,Active,35556,Morning
EMP0644,Amit Roy,Bangalore,AC Technician,Operations,Male,28,2025-09-11,Active,31686,Evening
EMP0645,Pooja Saha,Bangalore,Helper,Operations,Male,24,2023-05-22,Active,22364,Evening
EMP0646,Pooja Sharma,Bangalore,AC Technician,Operations,Male,35,2026-02-22,Active,32605,Evening
EMP0647,Arjun Patel,Bangalore,RF Technician,Operations,Male,47,2024-11-18,Active,37293,Evening
EMP0648,Amit Saha,Bangalore,WM Technician,Operations,Male,24,2026-06-09,Active,30854,Evening
EMP0649,Vijay Das,Bangalore,WM Technician,Operations,Male,40,2026-03-23,Active,24799,Evening
EMP0650,Pooja Roy,Bangalore,Helper,Operations,Female,24,2021-03-21,Active,23615,General
EMP0651,Rahul Patel,Bangalore,RF Technician,Operations,Male,23,2021-01-05,Active,31565,Morning
EMP0652,Neha Singh,Bangalore,Helper,Operations,Male,48,2025-12-16,Active,20387,Evening
EMP0653,Deepak Reddy,Bangalore,Helper,Operations,Male,40,2023-05-12,Active,22671,General
EMP0654,Pooja Patel,Bangalore,RF Technician,Operations,Male,42,2020-12-31,Active,37547,Morning
EMP0655,Rahul Gupta,Bangalore,Helper,Operations,Female,23,2024-02-21,Active,22496,Morning
EMP0656,Arjun Reddy,Bangalore,Helper,Operations,Female,42,2021-03-25,Active,20311,Morning
EMP0657,Pooja Reddy,Bangalore,AC Technician,Operations,Male,45,2023-07-27,Active,41661,Evening
EMP0658,Kiran Gupta,Bangalore,WM Technician,Operations,Male,33,2021-12-11,Active,27890,Morning
EMP0659,Suresh Patel,Bangalore,AC Technician,Operations,Male,43,2024-09-04,Active,32527,Evening
EMP0660,Anjali Patel,Bangalore,Helper,Operations,Male,21,2021-08-12,Active,23909,Evening
EMP0661,Anjali Saha,Bangalore,Helper,Operations,Male,46,2025-02-10,Active,24462,General
EMP0662,Pooja Roy,Bangalore,WM Technician,Operations,Male,52,2024-10-03,Active,28522,Evening
EMP0663,Arjun Gupta,Bangalore,AC Technician,Operations,Male,47,2020-01-31,Active,39468,Evening
EMP0664,Ankit Saha,Bangalore,RF Technician,Operations,Male,54,2026-06-18,Active,34012,Morning
EMP0665,Ravi Patel,Bangalore,RF Technician,Operations,Male,43,2021-04-08,Active,37507,Evening
EMP0666,Ravi Gupta,Bangalore,WM Technician,Operations,Male,53,2023-02-18,Active,27808,General
EMP0667,Ravi Gupta,Bangalore,WM Technician,Operations,Female,25,2022-10-01,Active,27870,General
EMP0668,Rahul Nair,Bangalore,AC Technician,Operations,Male,39,2020-08-04,Active,35628,General
EMP0669,Sneha Das,Bangalore,RF Technician,Operations,Male,50,2026-06-08,Active,33431,Evening
EMP0670,Ankit Nair,Bangalore,RF Technician,Operations,Male,22,2023-05-30,Active,37235,Evening
EMP0671,Rahul Das,Bangalore,WM Technician,Operations,Male,23,2023-04-10,Active,30626,General
EMP0672,Rohit Patel,Bangalore,AC Technician,Operations,Male,28,2025-09-01,Active,31259,Evening
EMP0673,Amit Saha,Bangalore,AC Technician,Operations,Male,37,2022-11-18,Active,30232,General
EMP0674,Rohit Singh,Bangalore,AC Technician,Operations,Male,29,2025-01-03,Active,36058,Morning
EMP0675,Suresh Saha,Bangalore,AC Technician,Operations,Male,53,2020-05-15,Active,35617,Morning
EMP0676,Arjun Nair,Bangalore,RF Technician,Operations,Female,29,2025-07-24,Active,34765,Evening
EMP0677,Sneha Kumar,Bangalore,AC Technician,Operations,Male,30,2022-05-13,Active,39465,General
EMP0678,Pooja Nair,Bangalore,AC Technician,Operations,Male,27,2020-08-03,Active,32745,Evening
EMP0679,Pooja Nair,Bangalore,WM Technician,Operations,Male,54,2022-08-15,Active,27111,General
EMP0680,Neha Reddy,Bangalore,RF Technician,Operations,Male,53,2024-11-15,Active,28194,Evening
EMP0681,Sneha Reddy,Bangalore,Helper,Operations,Male,53,2020-06-17,Active,18797,General
EMP0682,Amit Das,Bangalore,WM Technician,Operations,Male,37,2023-10-04,Active,26214,Evening
EMP0683,Arjun Saha,Bangalore,AC Technician,Operations,Male,45,2025-03-03,Active,41063,General
EMP0684,Vijay Roy,Bangalore,AC Technician,Operations,Male,53,2023-10-14,Active,41103,General
EMP0685,Amit Gupta,Bangalore,RF Technician,Operations,Male,20,2020-10-05,Active,28195,Evening
EMP0686,Deepak Das,Bangalore,AC Technician,Operations,Male,48,2023-12-10,Active,33594,General
EMP0687,Kiran Saha,Bangalore,WM Technician,Operations,Male,21,2021-01-11,Active,24465,General
EMP0688,Pooja Saha,Bangalore,Helper,Operations,Male,27,2020-12-19,Active,22953,Morning
EMP0689,Rohit Das,Bangalore,WM Technician,Operations,Male,31,2021-03-30,Active,29698,Morning
EMP0690,Anjali Roy,Bangalore,WM Technician,Operations,Male,24,2025-01-31,Active,31558,Evening
EMP0691,Pooja Roy,Bangalore,RF Technician,Operations,Male,24,2023-02-09,Active,29022,Evening
EMP0692,Ravi Nair,Bangalore,RF Technician,Operations,Female,36,2022-12-20,Active,30915,Evening
EMP0693,Kavya Sharma,Bangalore,WM Technician,Operations,Female,32,2024-05-27,Active,25461,General
EMP0694,Rohit Sharma,Bangalore,RF Technician,Operations,Male,47,2022-06-13,Active,29740,Evening
EMP0695,Rahul Nair,Bangalore,RF Technician,Operations,Male,24,2026-05-29,Active,32105,Evening
EMP0696,Rohit Patel,Bangalore,Helper,Operations,Male,20,2020-06-03,Active,23444,Evening
EMP0697,Kavya Nair,Bangalore,RF Technician,Operations,Male,45,2026-06-11,Active,28060,General
EMP0698,Pooja Nair,Bangalore,AC Technician,Operations,Male,24,2026-01-21,Active,33700,Morning
EMP0699,Deepak Reddy,Bangalore,RF Technician,Operations,Male,54,2024-01-10,Active,33463,General
EMP0700,Ravi Nair,Bangalore,RF Technician,Operations,Male,25,2024-02-05,Active,36759,Evening
EMP0701,Ankit Reddy,Pune,AC Technician,Operations,Male,38,2022-04-11,Active,32893,General
EMP0702,Sneha Nair,Pune,AC Technician,Operations,Male,39,2024-05-16,Active,31749,General
EMP0703,Kiran Kumar,Pune,RF Technician,Operations,Male,48,2022-02-15,Active,30292,Morning
EMP0704,Deepak Nair,Pune,WM Technician,Operations,Male,35,2025-06-26,Active,27184,Morning
EMP0705,Ankit Roy,Pune,RF Technician,Operations,Male,48,2020-03-08,Active,28606,Evening
EMP0706,Neha Gupta,Pune,WM Technician,Operations,Male,22,2024-07-18,Active,24968,Morning
EMP0707,Suresh Nair,Pune,AC Technician,Operations,Male,34,2020-10-22,Active,30604,General
EMP0708,Suresh Kumar,Pune,RF Technician,Operations,Male,50,2020-07-06,Active,31976,General
EMP0709,Vijay Saha,Pune,RF Technician,Operations,Male,23,2023-06-12,Active,29594,Evening
EMP0710,Arjun Sharma,Pune,AC Technician,Operations,Male,26,2021-04-12,Active,38145,General
EMP0711,Amit Saha,Pune,RF Technician,Operations,Male,47,2023-10-13,Active,34586,Evening
EMP0712,Vijay Roy,Pune,AC Technician,Operations,Male,40,2022-05-23,Active,30746,General
EMP0713,Sneha Gupta,Pune,RF Technician,Operations,Male,37,2021-08-01,Active,34801,Morning
EMP0714,Amit Saha,Pune,RF Technician,Operations,Male,35,2026-07-11,Active,28666,Morning
EMP0715,Rahul Kumar,Pune,RF Technician,Operations,Male,30,2020-03-05,Active,35978,Morning
EMP0716,Kavya Patel,Pune,WM Technician,Operations,Male,25,2023-03-08,Active,27409,General
EMP0717,Arjun Patel,Pune,AC Technician,Operations,Male,37,2025-11-12,Active,37379,Evening
EMP0718,Ravi Das,Pune,Helper,Operations,Male,22,2022-01-07,Active,23875,Evening
EMP0719,Amit Gupta,Pune,AC Technician,Operations,Male,20,2026-04-03,Active,33860,Morning
EMP0720,Neha Singh,Pune,AC Technician,Operations,Female,43,2026-01-19,Active,38315,Morning
EMP0721,Kavya Nair,Pune,RF Technician,Operations,Male,32,2021-04-06,Active,30444,General
EMP0722,Deepak Singh,Pune,AC Technician,Operations,Male,22,2020-08-09,Active,40565,Evening
EMP0723,Ankit Gupta,Pune,Helper,Operations,Male,41,2025-01-30,Active,18354,Morning
EMP0724,Ravi Singh,Pune,Helper,Operations,Male,21,2025-06-09,Active,22218,Morning
EMP0725,Priya Singh,Pune,RF Technician,Operations,Male,40,2024-09-12,Active,31256,General
EMP0726,Anjali Singh,Pune,RF Technician,Operations,Male,40,2022-07-21,Active,29606,Morning
EMP0727,Kavya Kumar,Pune,RF Technician,Operations,Male,34,2020-10-28,Active,35716,General
EMP0728,Neha Patel,Pune,WM Technician,Operations,Female,29,2022-06-04,Active,31601,General
EMP0729,Sneha Das,Pune,RF Technician,Operations,Male,28,2025-02-17,Active,31181,General
EMP0730,Rohit Patel,Pune,RF Technician,Operations,Male,28,2020-05-11,Active,37317,Morning
EMP0731,Priya Singh,Pune,AC Technician,Operations,Male,49,2025-02-21,Active,36852,Morning
EMP0732,Arjun Sharma,Pune,AC Technician,Operations,Female,30,2021-11-27,Active,39471,General
EMP0733,Kavya Nair,Pune,RF Technician,Operations,Male,53,2025-06-26,Active,31546,General
EMP0734,Anjali Saha,Pune,RF Technician,Operations,Male,47,2022-10-07,Active,32060,Evening
EMP0735,Ankit Kumar,Pune,Helper,Operations,Male,29,2026-06-07,Active,18041,Evening
EMP0736,Pooja Nair,Pune,AC Technician,Operations,Female,52,2020-05-17,Active,36974,General
EMP0737,Ravi Gupta,Pune,WM Technician,Operations,Male,26,2025-01-27,Active,28057,Morning
EMP0738,Deepak Singh,Pune,RF Technician,Operations,Male,46,2022-06-11,Active,30174,Evening
EMP0739,Deepak Patel,Pune,Helper,Operations,Male,25,2020-03-06,Active,21930,General
EMP0740,Pooja Patel,Pune,AC Technician,Operations,Male,21,2025-02-06,Active,37598,Morning
EMP0741,Ravi Reddy,Pune,RF Technician,Operations,Male,43,2025-03-16,Active,28022,General
EMP0742,Anjali Das,Pune,Helper,Operations,Female,41,2025-12-14,Active,18267,Evening
EMP0743,Ravi Saha,Pune,RF Technician,Operations,Male,54,2026-06-14,Active,31393,General
EMP0744,Ankit Sharma,Pune,Helper,Operations,Female,23,2025-10-09,Active,23526,Evening
EMP0745,Vijay Gupta,Pune,WM Technician,Operations,Male,49,2020-06-16,Active,26994,Evening
EMP0746,Arjun Gupta,Pune,WM Technician,Operations,Male,55,2022-04-18,Active,25133,Evening
EMP0747,Kiran Singh,Pune,WM Technician,Operations,Male,50,2026-07-04,Active,31136,General
EMP0748,Rohit Kumar,Pune,Helper,Operations,Male,37,2025-08-24,Active,23572,Evening
EMP0749,Amit Nair,Pune,RF Technician,Operations,Male,42,2025-01-27,Active,35966,General
EMP0750,Sneha Sharma,Pune,Helper,Operations,Male,54,2023-04-12,Active,21702,General
EMP0751,Vijay Das,Pune,RF Technician,Operations,Male,49,2020-12-23,Active,29313,Evening
EMP0752,Amit Patel,Pune,RF Technician,Operations,Female,24,2021-03-23,Active,30699,Evening
EMP0753,Deepak Reddy,Pune,Helper,Operations,Male,33,2025-11-02,Active,23138,Morning
EMP0754,Anjali Nair,Pune,AC Technician,Operations,Female,54,2021-06-24,Active,37764,Evening
EMP0755,Rahul Singh,Pune,RF Technician,Operations,Male,21,2023-04-09,Active,31097,Morning
EMP0756,Priya Roy,Pune,RF Technician,Operations,Female,53,2023-10-07,Active,34745,General
EMP0757,Deepak Saha,Pune,RF Technician,Operations,Male,53,2026-02-24,Active,35295,Evening
EMP0758,Arjun Nair,Pune,Helper,Operations,Male,39,2021-12-04,Active,24465,Evening
EMP0759,Deepak Nair,Pune,RF Technician,Operations,Male,38,2020-07-12,Active,30430,Evening
EMP0760,Vijay Patel,Pune,WM Technician,Operations,Female,30,2026-01-01,Active,26336,Morning
EMP0761,Suresh Nair,Pune,Helper,Operations,Male,27,2020-06-17,Active,20593,General
EMP0762,Ankit Roy,Pune,AC Technician,Operations,Male,31,2022-04-20,Active,39215,General
EMP0763,Vijay Gupta,Pune,RF Technician,Operations,Female,29,2024-03-07,Active,35347,General
EMP0764,Suresh Nair,Pune,WM Technician,Operations,Male,21,2024-07-15,Active,31627,Evening
EMP0765,Priya Das,Pune,WM Technician,Operations,Female,29,2020-01-18,Active,31947,General
EMP0766,Neha Roy,Pune,Helper,Operations,Male,38,2026-06-07,Active,23463,Morning
EMP0767,Amit Das,Pune,AC Technician,Operations,Male,50,2020-06-13,Active,32284,General
EMP0768,Priya Kumar,Pune,Helper,Operations,Male,34,2024-12-31,Active,20927,Morning
EMP0769,Rohit Singh,Pune,AC Technician,Operations,Male,32,2026-07-17,Active,38625,Morning
EMP0770,Pooja Singh,Pune,RF Technician,Operations,Male,54,2024-12-29,Active,29431,General
EMP0771,Pooja Patel,Pune,AC Technician,Operations,Male,52,2020-08-17,Active,40924,Evening
EMP0772,Rahul Das,Pune,WM Technician,Operations,Male,47,2024-02-23,Active,27163,Evening
EMP0773,Kiran Nair,Pune,AC Technician,Operations,Male,39,2024-12-30,Active,39191,Morning
EMP0774,Anjali Reddy,Pune,WM Technician,Operations,Male,46,2024-12-17,Active,26364,Morning
EMP0775,Kavya Gupta,Pune,RF Technician,Operations,Male,25,2021-08-11,Active,31404,Evening
EMP0776,Anjali Das,Pune,Helper,Operations,Female,24,2024-03-19,Active,18724,Morning
EMP0777,Suresh Singh,Pune,Helper,Operations,Male,55,2025-03-07,Active,23818,General
EMP0778,Ankit Das,Pune,RF Technician,Operations,Male,44,2023-03-31,Active,37074,Evening
EMP0779,Neha Singh,Pune,RF Technician,Operations,Female,39,2025-07-16,Active,37163,General
EMP0780,Kavya Sharma,Pune,Helper,Operations,Male,20,2021-09-22,Active,20151,Evening
EMP0781,Arjun Kumar,Pune,Helper,Operations,Male,38,2024-09-04,Active,19469,Evening
EMP0782,Sneha Saha,Pune,RF Technician,Operations,Male,37,2025-07-12,Active,29093,General
EMP0783,Kavya Sharma,Pune,AC Technician,Operations,Male,47,2022-11-22,Active,40289,General
EMP0784,Ankit Patel,Pune,Helper,Operations,Male,21,2022-11-29,Active,19334,General
EMP0785,Rohit Roy,Pune,WM Technician,Operations,Male,28,2024-01-03,Active,25337,Morning
EMP0786,Ravi Gupta,Pune,Helper,Operations,Male,42,2020-07-18,Active,20374,Evening
EMP0787,Priya Roy,Pune,Helper,Operations,Male,31,2021-01-22,Active,22905,Morning
EMP0788,Sneha Sharma,Pune,AC Technician,Operations,Female,39,2023-01-16,Active,41230,General
EMP0789,Deepak Roy,Pune,WM Technician,Operations,Male,42,2021-08-11,Active,24105,Morning
EMP0790,Kiran Patel,Pune,AC Technician,Operations,Male,46,2023-10-25,Active,32671,Morning
EMP0791,Amit Reddy,Pune,Helper,Operations,Male,32,2026-04-07,Active,23025,General
EMP0792,Kavya Roy,Pune,AC Technician,Operations,Male,24,2021-04-22,Active,32150,Morning
EMP0793,Priya Patel,Pune,AC Technician,Operations,Male,43,2021-07-23,Active,37240,General
EMP0794,Suresh Singh,Pune,Helper,Operations,Male,21,2021-04-30,Active,19821,Morning
EMP0795,Amit Sharma,Pune,WM Technician,Operations,Male,33,2021-06-17,Active,24643,Evening
EMP0796,Amit Kumar,Pune,AC Technician,Operations,Male,50,2024-11-01,Active,30696,Morning
EMP0797,Rohit Kumar,Pune,WM Technician,Operations,Male,52,2020-08-30,Active,27842,Morning
EMP0798,Kiran Saha,Pune,Helper,Operations,Male,20,2021-01-30,Active,24409,Morning
EMP0799,Suresh Das,Pune,AC Technician,Operations,Female,31,2023-12-10,Active,30479,Morning
EMP0800,Arjun Gupta,Pune,WM Technician,Operations,Female,42,2023-12-13,Active,25315,General
EMP0801,Kiran Singh,Pune,Helper,Operations,Male,26,2026-06-26,Active,24252,Morning
EMP0802,Amit Singh,Pune,WM Technician,Operations,Female,30,2026-01-09,Active,24035,General
EMP0803,Vijay Nair,Pune,AC Technician,Operations,Female,50,2024-02-10,Active,41438,General
EMP0804,Pooja Reddy,Pune,WM Technician,Operations,Male,26,2022-01-10,Active,30838,Evening
EMP0805,Amit Nair,Pune,AC Technician,Operations,Male,34,2024-07-27,Active,31848,Evening
EMP0806,Deepak Gupta,Pune,RF Technician,Operations,Male,28,2025-07-23,Active,33918,General
EMP0807,Pooja Das,Pune,AC Technician,Operations,Male,25,2023-09-05,Active,38088,Morning
EMP0808,Anjali Das,Pune,WM Technician,Operations,Male,39,2024-12-23,Active,25850,General
EMP0809,Sneha Patel,Pune,AC Technician,Operations,Female,47,2022-02-12,Active,31140,Evening
EMP0810,Ravi Sharma,Pune,RF Technician,Operations,Male,51,2021-03-06,Active,34494,Evening
EMP0811,Ravi Roy,Pune,WM Technician,Operations,Male,45,2021-02-20,Active,30073,Morning
EMP0812,Amit Singh,Pune,Helper,Operations,Female,41,2022-03-31,Active,22873,Evening
EMP0813,Rohit Reddy,Pune,AC Technician,Operations,Female,51,2023-02-14,Active,41689,General
EMP0814,Suresh Nair,Pune,Helper,Operations,Male,45,2025-06-07,Active,22189,Evening
EMP0815,Suresh Kumar,Pune,WM Technician,Operations,Male,36,2025-06-27,Active,28073,Morning
EMP0816,Rahul Patel,Pune,RF Technician,Operations,Male,23,2020-10-06,Active,36161,General
EMP0817,Amit Sharma,Pune,RF Technician,Operations,Male,40,2021-09-17,Active,32960,General
EMP0818,Deepak Nair,Pune,AC Technician,Operations,Male,53,2025-07-09,Active,37635,Morning
EMP0819,Rahul Kumar,Pune,AC Technician,Operations,Male,36,2026-01-30,Active,35629,General
EMP0820,Pooja Nair,Pune,Helper,Operations,Female,27,2024-04-20,Active,21687,Evening
EMP0821,Deepak Patel,Pune,AC Technician,Operations,Male,22,2021-12-25,Active,39120,General
EMP0822,Amit Saha,Pune,RF Technician,Operations,Male,28,2023-07-03,Active,34374,Evening
EMP0823,Kavya Gupta,Pune,Helper,Operations,Male,55,2026-01-18,Active,22687,Evening
EMP0824,Kavya Saha,Pune,WM Technician,Operations,Female,52,2020-08-16,Active,27206,Evening
EMP0825,Rahul Saha,Pune,AC Technician,Operations,Female,42,2023-03-11,Active,35250,Morning
EMP0826,Priya Reddy,Pune,RF Technician,Operations,Male,43,2023-11-29,Active,37567,Morning
EMP0827,Ankit Singh,Pune,WM Technician,Operations,Male,42,2024-01-03,Active,27374,Evening
EMP0828,Deepak Sharma,Pune,Helper,Operations,Male,39,2020-12-13,Active,23636,Morning
EMP0829,Neha Reddy,Pune,Helper,Operations,Male,21,2026-01-14,Active,20671,Morning
EMP0830,Kavya Saha,Pune,Helper,Operations,Male,46,2022-12-28,Active,18167,General
EMP0831,Priya Saha,Pune,Helper,Operations,Male,40,2024-03-27,Active,22672,Evening
EMP0832,Kavya Gupta,Pune,RF Technician,Operations,Male,51,2021-02-13,Active,31373,Evening
EMP0833,Sneha Reddy,Pune,AC Technician,Operations,Male,41,2021-11-13,Active,40073,Evening
EMP0834,Rohit Kumar,Pune,WM Technician,Operations,Male,24,2026-01-03,Active,25753,Evening
EMP0835,Amit Saha,Pune,RF Technician,Operations,Male,45,2022-07-14,Active,29506,General
EMP0836,Anjali Singh,Pune,AC Technician,Operations,Male,24,2026-05-09,Active,38700,Evening
EMP0837,Anjali Gupta,Pune,RF Technician,Operations,Male,24,2023-05-21,Active,36268,Evening
EMP0838,Neha Gupta,Pune,Helper,Operations,Male,46,2024-07-05,Active,20058,General
EMP0839,Kavya Singh,Pune,RF Technician,Operations,Male,21,2025-10-15,Active,31056,General
EMP0840,Anjali Saha,Pune,Helper,Operations,Male,49,2023-01-02,Active,23225,General
EMP0841,Neha Patel,Pune,RF Technician,Operations,Male,23,2025-11-09,Active,31287,Evening
EMP0842,Ravi Singh,Pune,WM Technician,Operations,Male,39,2024-11-18,Active,27360,Evening
EMP0843,Rohit Saha,Pune,WM Technician,Operations,Female,37,2023-03-21,Active,29292,Morning
EMP0844,Rahul Singh,Pune,RF Technician,Operations,Male,35,2021-04-10,Active,30456,Morning
EMP0845,Anjali Reddy,Pune,WM Technician,Operations,Male,39,2025-03-16,Active,27976,General
EMP0846,Suresh Kumar,Pune,RF Technician,Operations,Male,22,2022-04-07,Active,30610,Evening
EMP0847,Ankit Nair,Pune,WM Technician,Operations,Male,37,2026-03-05,Active,25441,General
EMP0848,Deepak Sharma,Pune,WM Technician,Operations,Male,23,2020-12-09,Active,26571,General
EMP0849,Ravi Reddy,Pune,AC Technician,Operations,Female,46,2024-01-28,Active,41004,General
EMP0850,Amit Gupta,Pune,RF Technician,Operations,Female,28,2022-08-24,Active,29833,General
EMP0851,Arjun Saha,Pune,AC Technician,Operations,Male,53,2022-10-28,Active,38133,Morning
EMP0852,Pooja Singh,Pune,AC Technician,Operations,Male,40,2023-09-10,Active,39573,General
EMP0853,Kiran Das,Pune,WM Technician,Operations,Female,33,2021-08-13,Active,24875,Morning
EMP0854,Sneha Sharma,Pune,RF Technician,Operations,Male,36,2020-08-17,Active,36034,General
EMP0855,Rohit Patel,Pune,WM Technician,Operations,Male,47,2025-04-29,Active,29592,Morning
EMP0856,Ankit Kumar,Pune,WM Technician,Operations,Male,43,2023-06-16,Active,24172,General
EMP0857,Deepak Roy,Pune,Helper,Operations,Male,35,2022-11-02,Active,22527,Evening
EMP0858,Neha Reddy,Pune,WM Technician,Operations,Female,27,2025-12-30,Active,31102,Morning
EMP0859,Arjun Das,Pune,AC Technician,Operations,Male,45,2022-11-12,Active,34929,Morning
EMP0860,Anjali Kumar,Pune,Helper,Operations,Male,30,2024-12-02,Active,23172,Evening
EMP0861,Anjali Roy,Pune,RF Technician,Operations,Male,25,2025-07-06,Active,35718,General
EMP0862,Ravi Roy,Pune,WM Technician,Operations,Male,26,2021-10-18,Active,29721,Evening
EMP0863,Rahul Kumar,Pune,RF Technician,Operations,Male,55,2023-08-31,Active,35426,General
EMP0864,Rahul Reddy,Pune,AC Technician,Operations,Male,31,2024-12-21,Active,40503,Morning
EMP0865,Amit Patel,Pune,RF Technician,Operations,Male,39,2023-07-09,Active,37434,Morning
EMP0866,Kavya Patel,Pune,AC Technician,Operations,Male,28,2024-08-07,Active,35233,Evening
EMP0867,Anjali Roy,Pune,RF Technician,Operations,Male,40,2023-02-28,Active,31254,Morning
EMP0868,Rahul Gupta,Pune,RF Technician,Operations,Male,44,2026-05-25,Active,31677,Morning
EMP0869,Rohit Patel,Pune,RF Technician,Operations,Male,34,2020-12-30,Active,35576,Morning
EMP0870,Sneha Patel,Pune,AC Technician,Operations,Male,47,2022-12-01,Active,32445,Morning
EMP0871,Anjali Nair,Pune,WM Technician,Operations,Female,27,2020-02-27,Active,29886,General
EMP0872,Kiran Singh,Pune,AC Technician,Operations,Female,51,2021-04-30,Active,33677,General
EMP0873,Pooja Patel,Pune,Helper,Operations,Female,37,2023-03-25,Active,24114,Evening
EMP0874,Kiran Reddy,Pune,AC Technician,Operations,Male,33,2022-06-01,Active,34636,General
EMP0875,Arjun Saha,Pune,Helper,Operations,Male,29,2020-04-27,Active,20377,Evening
EMP0876,Neha Sharma,Pune,Helper,Operations,Male,35,2024-02-23,Active,22775,General
EMP0877,Kiran Reddy,Pune,AC Technician,Operations,Male,28,2023-08-17,Active,41354,Evening
EMP0878,Ankit Kumar,Pune,RF Technician,Operations,Male,36,2020-10-26,Active,29561,General
EMP0879,Ankit Kumar,Pune,RF Technician,Operations,Male,35,2025-04-12,Active,33804,General
EMP0880,Sneha Patel,Pune,RF Technician,Operations,Male,44,2023-05-24,Active,34466,General
EMP0881,Rohit Patel,Pune,AC Technician,Operations,Female,55,2020-06-17,Active,39510,Morning
EMP0882,Priya Gupta,Pune,AC Technician,Operations,Male,41,2025-04-01,Active,32161,Morning
EMP0883,Suresh Nair,Pune,RF Technician,Operations,Male,36,2021-04-23,Active,33132,Morning
EMP0884,Rohit Saha,Pune,AC Technician,Operations,Female,37,2024-01-16,Active,37046,Evening
EMP0885,Vijay Roy,Pune,WM Technician,Operations,Female,36,2025-10-18,Active,26564,Evening
EMP0886,Neha Kumar,Pune,AC Technician,Operations,Male,51,2021-09-11,Active,39104,General
EMP0887,Kavya Das,Pune,RF Technician,Operations,Male,23,2022-07-30,Active,31000,Morning
EMP0888,Ankit Nair,Pune,WM Technician,Operations,Male,49,2024-11-22,Active,24950,Evening
EMP0889,Amit Patel,Pune,WM Technician,Operations,Male,55,2025-06-10,Active,27749,Evening
EMP0890,Vijay Gupta,Pune,Helper,Operations,Male,25,2022-04-14,Active,20327,Morning
EMP0891,Vijay Reddy,Pune,Helper,Operations,Female,33,2026-07-18,Active,18033,General
EMP0892,Rahul Das,Pune,RF Technician,Operations,Female,35,2025-08-02,Active,29545,Evening
EMP0893,Amit Roy,Pune,WM Technician,Operations,Male,27,2024-06-02,Active,27060,General
EMP0894,Kavya Nair,Pune,WM Technician,Operations,Male,25,2025-02-28,Active,30805,General
EMP0895,Neha Roy,Pune,Helper,Operations,Male,37,2020-01-24,Active,20698,Morning
EMP0896,Deepak Roy,Pune,RF Technician,Operations,Female,28,2022-05-15,Active,28797,General
EMP0897,Pooja Sharma,Pune,WM Technician,Operations,Male,24,2026-02-19,Active,31797,General
EMP0898,Ravi Kumar,Pune,Helper,Operations,Male,31,2022-09-10,Active,24315,Evening
EMP0899,Suresh Sharma,Pune,AC Technician,Operations,Female,30,2024-05-10,Active,36592,Evening
EMP0900,Suresh Roy,Pune,WM Technician,Operations,Male,47,2023-06-24,Active,31403,General
EMP0901,Neha Reddy,Mumbai,AC Technician,Operations,Male,43,2025-09-30,Active,33274,Evening
EMP0902,Sneha Saha,Mumbai,Helper,Operations,Male,47,2021-01-04,Active,24197,Evening
EMP0903,Priya Nair,Mumbai,AC Technician,Operations,Male,47,2021-01-15,Active,30662,General
EMP0904,Ravi Das,Mumbai,AC Technician,Operations,Male,29,2025-07-21,Active,38638,General
EMP0905,Suresh Das,Mumbai,WM Technician,Operations,Male,25,2025-05-10,Active,26460,Morning
EMP0906,Ankit Gupta,Mumbai,AC Technician,Operations,Female,53,2024-10-17,Active,34841,General
EMP0907,Anjali Reddy,Mumbai,RF Technician,Operations,Male,22,2025-10-03,Active,29763,General
EMP0908,Ravi Gupta,Mumbai,Helper,Operations,Male,36,2023-12-26,Active,20087,General
EMP0909,Pooja Kumar,Mumbai,WM Technician,Operations,Male,49,2022-01-05,Active,30440,Morning
EMP0910,Neha Nair,Mumbai,RF Technician,Operations,Male,39,2023-07-09,Active,37620,General
EMP0911,Vijay Sharma,Mumbai,AC Technician,Operations,Male,36,2023-10-30,Active,33066,Morning
EMP0912,Rahul Kumar,Mumbai,AC Technician,Operations,Male,36,2021-03-11,Active,37107,General
EMP0913,Pooja Saha,Mumbai,RF Technician,Operations,Male,20,2021-12-04,Active,35817,Evening
EMP0914,Pooja Das,Mumbai,AC Technician,Operations,Male,39,2024-01-17,Active,41315,General
EMP0915,Rahul Singh,Mumbai,RF Technician,Operations,Male,28,2020-02-26,Active,31126,Morning
EMP0916,Arjun Reddy,Mumbai,WM Technician,Operations,Female,33,2025-05-24,Active,29313,Morning
EMP0917,Neha Patel,Mumbai,Helper,Operations,Female,54,2022-02-20,Active,18705,Evening
EMP0918,Neha Nair,Mumbai,AC Technician,Operations,Male,21,2021-04-22,Active,32721,Morning
EMP0919,Deepak Saha,Mumbai,AC Technician,Operations,Male,48,2026-07-25,Active,33975,Morning
EMP0920,Amit Reddy,Mumbai,RF Technician,Operations,Female,45,2020-07-27,Active,33469,Morning
EMP0921,Deepak Kumar,Mumbai,Helper,Operations,Female,51,2026-06-28,Active,22881,General
EMP0922,Kavya Singh,Mumbai,AC Technician,Operations,Male,51,2025-10-03,Active,39683,General
EMP0923,Priya Gupta,Mumbai,RF Technician,Operations,Male,53,2020-03-18,Active,34914,General
EMP0924,Sneha Nair,Mumbai,WM Technician,Operations,Male,46,2025-04-22,Active,24957,Evening
EMP0925,Kiran Nair,Mumbai,WM Technician,Operations,Male,21,2021-10-22,Active,26359,General
EMP0926,Priya Saha,Mumbai,WM Technician,Operations,Male,34,2025-09-10,Active,25799,General
EMP0927,Pooja Reddy,Mumbai,WM Technician,Operations,Female,49,2021-06-21,Active,31234,Evening
EMP0928,Kiran Das,Mumbai,RF Technician,Operations,Female,43,2025-04-18,Active,30654,General
EMP0929,Kiran Patel,Mumbai,RF Technician,Operations,Male,25,2025-05-31,Active,30115,Morning
EMP0930,Arjun Singh,Mumbai,RF Technician,Operations,Male,26,2024-08-30,Active,36089,Evening
EMP0931,Vijay Patel,Mumbai,RF Technician,Operations,Male,21,2024-01-09,Active,32273,Evening
EMP0932,Priya Reddy,Mumbai,Helper,Operations,Female,52,2020-05-10,Active,24609,Morning
EMP0933,Kavya Das,Mumbai,AC Technician,Operations,Male,34,2021-05-09,Active,39207,Morning
EMP0934,Suresh Gupta,Mumbai,AC Technician,Operations,Female,42,2020-07-10,Active,39126,Evening
EMP0935,Amit Sharma,Mumbai,AC Technician,Operations,Male,26,2020-07-25,Active,37173,Evening
EMP0936,Amit Patel,Mumbai,RF Technician,Operations,Male,26,2026-04-22,Active,28687,General
EMP0937,Deepak Nair,Mumbai,AC Technician,Operations,Male,33,2024-01-21,Active,32572,General
EMP0938,Sneha Roy,Mumbai,AC Technician,Operations,Male,51,2021-02-10,Active,32527,General
EMP0939,Rahul Singh,Mumbai,RF Technician,Operations,Male,27,2022-04-06,Active,35194,Evening
EMP0940,Vijay Sharma,Mumbai,RF Technician,Operations,Female,50,2023-10-30,Active,32698,General
EMP0941,Arjun Patel,Mumbai,AC Technician,Operations,Male,46,2024-01-17,Active,40312,General
EMP0942,Anjali Reddy,Mumbai,AC Technician,Operations,Male,53,2024-09-23,Active,33738,Morning
EMP0943,Rahul Nair,Mumbai,AC Technician,Operations,Female,49,2025-10-15,Active,41177,Evening
EMP0944,Ravi Roy,Mumbai,WM Technician,Operations,Male,20,2025-10-20,Active,31730,Morning
EMP0945,Ankit Patel,Mumbai,Helper,Operations,Male,30,2024-11-12,Active,18503,Evening
EMP0946,Pooja Gupta,Mumbai,AC Technician,Operations,Female,23,2025-10-30,Active,34845,Evening
EMP0947,Suresh Reddy,Mumbai,WM Technician,Operations,Female,40,2023-11-10,Active,24064,Evening
EMP0948,Neha Roy,Mumbai,AC Technician,Operations,Male,33,2026-02-07,Active,40229,General
EMP0949,Ankit Gupta,Mumbai,RF Technician,Operations,Female,45,2022-03-19,Active,32940,Morning
EMP0950,Kiran Sharma,Mumbai,AC Technician,Operations,Male,28,2025-11-01,Active,38860,Evening
EMP0951,Vijay Kumar,Mumbai,WM Technician,Operations,Male,39,2025-11-05,Active,26791,General
EMP0952,Anjali Gupta,Mumbai,RF Technician,Operations,Male,54,2022-11-25,Active,31954,Evening
EMP0953,Sneha Sharma,Mumbai,Helper,Operations,Male,23,2024-03-07,Active,20127,General
EMP0954,Rahul Nair,Mumbai,RF Technician,Operations,Male,27,2025-01-12,Active,32881,General
EMP0955,Arjun Roy,Mumbai,RF Technician,Operations,Male,35,2026-07-10,Active,37266,General
EMP0956,Arjun Sharma,Mumbai,WM Technician,Operations,Male,28,2024-03-26,Active,28257,General
EMP0957,Suresh Reddy,Mumbai,AC Technician,Operations,Male,32,2024-01-19,Active,37443,Morning
EMP0958,Suresh Nair,Mumbai,AC Technician,Operations,Female,25,2021-01-12,Active,31018,Evening
EMP0959,Pooja Saha,Mumbai,AC Technician,Operations,Male,24,2024-02-21,Active,41089,General
EMP0960,Anjali Nair,Mumbai,Helper,Operations,Male,45,2022-12-16,Active,22786,Evening
EMP0961,Suresh Gupta,Mumbai,Helper,Operations,Male,51,2024-09-03,Active,24748,Morning
EMP0962,Amit Singh,Mumbai,AC Technician,Operations,Male,49,2021-06-13,Active,41542,General
EMP0963,Amit Saha,Mumbai,AC Technician,Operations,Male,22,2021-10-04,Active,39159,Evening
EMP0964,Deepak Kumar,Mumbai,AC Technician,Operations,Female,27,2021-05-10,Active,36055,General
EMP0965,Deepak Das,Mumbai,AC Technician,Operations,Male,27,2024-03-01,Active,34995,Evening
EMP0966,Ankit Das,Mumbai,AC Technician,Operations,Male,29,2021-08-05,Active,39660,Evening
EMP0967,Amit Gupta,Mumbai,AC Technician,Operations,Female,33,2022-01-19,Active,38008,Morning
EMP0968,Deepak Saha,Mumbai,AC Technician,Operations,Male,22,2024-09-06,Active,37883,General
EMP0969,Suresh Patel,Mumbai,WM Technician,Operations,Male,41,2024-03-25,Active,27893,General
EMP0970,Priya Sharma,Mumbai,RF Technician,Operations,Male,49,2025-01-16,Active,35357,Morning
EMP0971,Priya Gupta,Mumbai,RF Technician,Operations,Male,46,2024-05-05,Active,31814,Evening
EMP0972,Rahul Saha,Mumbai,RF Technician,Operations,Male,48,2023-02-10,Active,29450,Morning
EMP0973,Ravi Singh,Mumbai,AC Technician,Operations,Male,39,2026-04-17,Active,40570,Morning
EMP0974,Kiran Nair,Mumbai,AC Technician,Operations,Female,54,2026-06-20,Active,30866,General
EMP0975,Rahul Das,Mumbai,RF Technician,Operations,Male,21,2021-05-07,Active,36713,Morning
EMP0976,Priya Reddy,Mumbai,Helper,Operations,Male,35,2026-07-01,Active,21639,Morning
EMP0977,Vijay Reddy,Mumbai,WM Technician,Operations,Male,51,2020-04-05,Active,26784,Evening
EMP0978,Ravi Sharma,Mumbai,AC Technician,Operations,Male,53,2023-07-23,Active,36258,Evening
EMP0979,Vijay Das,Mumbai,RF Technician,Operations,Female,54,2021-11-19,Active,32675,Morning
EMP0980,Vijay Kumar,Mumbai,AC Technician,Operations,Male,29,2023-06-10,Active,36672,General
EMP0981,Ankit Das,Mumbai,Helper,Operations,Male,40,2022-01-13,Active,18222,General
EMP0982,Rohit Reddy,Mumbai,Helper,Operations,Male,40,2021-08-06,Active,21381,Evening
EMP0983,Arjun Nair,Mumbai,WM Technician,Operations,Female,27,2020-07-31,Active,25659,Morning
EMP0984,Ankit Roy,Mumbai,Helper,Operations,Male,52,2024-04-26,Active,18942,Evening
EMP0985,Anjali Singh,Mumbai,RF Technician,Operations,Male,46,2020-09-25,Active,35932,Morning
EMP0986,Amit Singh,Mumbai,RF Technician,Operations,Female,21,2023-01-07,Active,37077,General
EMP0987,Neha Sharma,Mumbai,Helper,Operations,Male,28,2023-06-01,Active,22655,Evening
EMP0988,Vijay Singh,Mumbai,RF Technician,Operations,Female,52,2022-04-13,Active,30332,Evening
EMP0989,Rahul Nair,Mumbai,Helper,Operations,Male,47,2026-03-23,Active,21700,Morning
EMP0990,Kavya Das,Mumbai,AC Technician,Operations,Female,38,2021-11-16,Active,30008,Morning
EMP0991,Kiran Saha,Mumbai,Helper,Operations,Male,44,2023-12-10,Active,24901,General
EMP0992,Ravi Das,Mumbai,Helper,Operations,Female,38,2020-07-05,Active,19322,General
EMP0993,Rohit Reddy,Mumbai,Helper,Operations,Male,27,2021-07-26,Active,23939,General
EMP0994,Rohit Nair,Mumbai,AC Technician,Operations,Male,52,2023-07-27,Active,41175,Evening
EMP0995,Priya Kumar,Mumbai,Helper,Operations,Male,40,2023-10-31,Active,19725,Evening
EMP0996,Rahul Kumar,Mumbai,AC Technician,Operations,Female,28,2020-01-09,Active,39974,Evening
EMP0997,Ravi Sharma,Mumbai,RF Technician,Operations,Male,46,2026-03-26,Active,36011,Evening
EMP0998,Sneha Reddy,Mumbai,AC Technician,Operations,Male,48,2021-05-20,Active,35783,Evening
EMP0999,Kiran Nair,Mumbai,RF Technician,Operations,Male,20,2021-05-26,Active,35580,Evening
EMP1000,Sneha Singh,Mumbai,Helper,Operations,Male,21,2023-02-25,Active,23575,General
EMP1001,Sneha Kumar,Mumbai,WM Technician,Operations,Male,39,2022-06-24,Active,25919,Evening
EMP1002,Pooja Sharma,Mumbai,Helper,Operations,Male,33,2020-01-30,Active,19606,General
EMP1003,Kiran Saha,Mumbai,AC Technician,Operations,Female,52,2025-07-16,Active,32793,General
EMP1004,Ravi Patel,Mumbai,RF Technician,Operations,Male,31,2020-09-24,Active,37636,Morning
EMP1005,Kiran Kumar,Mumbai,AC Technician,Operations,Male,34,2025-11-12,Active,41942,Evening
EMP1006,Rahul Reddy,Mumbai,RF Technician,Operations,Female,54,2022-11-01,Active,37176,Evening
EMP1007,Rohit Sharma,Mumbai,RF Technician,Operations,Male,23,2023-08-16,Active,35086,Evening
EMP1008,Ankit Singh,Mumbai,WM Technician,Operations,Male,49,2025-07-22,Active,26961,General
EMP1009,Rahul Reddy,Mumbai,WM Technician,Operations,Male,46,2025-12-20,Active,27677,Evening
EMP1010,Arjun Reddy,Mumbai,RF Technician,Operations,Male,25,2026-05-31,Active,28415,General
EMP1011,Deepak Sharma,Mumbai,AC Technician,Operations,Female,35,2022-03-17,Active,32694,Evening
EMP1012,Rahul Saha,Mumbai,WM Technician,Operations,Male,26,2020-04-24,Active,27931,Evening
EMP1013,Kavya Singh,Mumbai,WM Technician,Operations,Male,41,2022-10-22,Active,26024,Morning
EMP1014,Ravi Saha,Mumbai,AC Technician,Operations,Female,23,2023-09-28,Active,38514,Morning
EMP1015,Ravi Kumar,Mumbai,RF Technician,Operations,Male,26,2025-01-02,Active,37485,Morning
EMP1016,Suresh Kumar,Mumbai,AC Technician,Operations,Female,44,2023-07-07,Active,41360,Morning
EMP1017,Anjali Sharma,Mumbai,WM Technician,Operations,Female,48,2020-08-12,Active,26469,General
EMP1018,Pooja Reddy,Mumbai,AC Technician,Operations,Male,23,2026-04-09,Active,30855,Evening
EMP1019,Rahul Nair,Mumbai,RF Technician,Operations,Male,46,2022-08-12,Active,37823,General
EMP1020,Rahul Nair,Mumbai,AC Technician,Operations,Male,47,2021-02-18,Active,35564,General
EMP1021,Ravi Saha,Mumbai,AC Technician,Operations,Male,32,2021-03-18,Active,31682,Morning
EMP1022,Rohit Roy,Mumbai,Helper,Operations,Male,32,2026-06-05,Active,19032,General
EMP1023,Ankit Kumar,Mumbai,Helper,Operations,Male,48,2022-01-31,Active,19991,Morning
EMP1024,Deepak Saha,Mumbai,Helper,Operations,Male,47,2025-10-02,Active,23338,Evening
EMP1025,Priya Das,Mumbai,WM Technician,Operations,Female,29,2021-08-26,Active,27846,Evening
EMP1026,Suresh Kumar,Mumbai,RF Technician,Operations,Male,20,2025-10-21,Active,37608,General
EMP1027,Kiran Singh,Mumbai,WM Technician,Operations,Male,55,2020-08-11,Active,27457,Evening
EMP1028,Kavya Nair,Mumbai,RF Technician,Operations,Male,32,2020-10-07,Active,33595,Morning
EMP1029,Deepak Reddy,Mumbai,AC Technician,Operations,Male,41,2026-06-27,Active,39274,Evening
EMP1030,Arjun Kumar,Mumbai,RF Technician,Operations,Male,26,2025-02-03,Active,28691,Evening
EMP1031,Arjun Nair,Mumbai,Helper,Operations,Male,34,2025-03-25,Active,23111,Morning
EMP1032,Vijay Kumar,Mumbai,RF Technician,Operations,Male,41,2024-03-19,Active,31363,Evening
EMP1033,Amit Patel,Mumbai,AC Technician,Operations,Male,24,2024-01-05,Active,30491,General
EMP1034,Rahul Singh,Mumbai,AC Technician,Operations,Male,32,2026-07-26,Active,35896,Morning
EMP1035,Vijay Roy,Mumbai,WM Technician,Operations,Male,31,2022-06-15,Active,31253,Evening
EMP1036,Vijay Das,Mumbai,WM Technician,Operations,Female,35,2022-01-01,Active,25605,Morning
EMP1037,Amit Roy,Mumbai,RF Technician,Operations,Female,21,2021-07-16,Active,34208,General
EMP1038,Sneha Patel,Mumbai,RF Technician,Operations,Female,39,2025-02-11,Active,31934,Evening
EMP1039,Suresh Singh,Mumbai,RF Technician,Operations,Female,47,2020-09-24,Active,29941,Morning
EMP1040,Anjali Singh,Mumbai,RF Technician,Operations,Male,44,2024-03-12,Active,33209,General
EMP1041,Priya Singh,Mumbai,Helper,Operations,Female,32,2026-01-02,Active,20409,Morning
EMP1042,Kavya Singh,Mumbai,AC Technician,Operations,Male,37,2021-06-01,Active,38327,General
EMP1043,Pooja Gupta,Mumbai,WM Technician,Operations,Male,50,2020-09-22,Active,25371,General
EMP1044,Sneha Gupta,Mumbai,WM Technician,Operations,Male,53,2025-03-16,Active,25466,Evening
EMP1045,Pooja Saha,Mumbai,Helper,Operations,Male,51,2025-04-24,Active,20198,General
EMP1046,Arjun Reddy,Mumbai,Helper,Operations,Male,33,2022-06-18,Active,19662,Evening
EMP1047,Sneha Das,Mumbai,Helper,Operations,Male,47,2024-03-24,Active,22680,Morning
EMP1048,Sneha Singh,Mumbai,Helper,Operations,Male,28,2020-12-10,Active,20417,Evening
EMP1049,Anjali Nair,Mumbai,Helper,Operations,Male,49,2025-09-29,Active,23088,Evening
EMP1050,Rohit Reddy,Mumbai,RF Technician,Operations,Male,46,2024-02-14,Active,36151,Evening
EMP1051,Ravi Roy,Mumbai,AC Technician,Operations,Male,48,2022-08-15,Active,34351,General
EMP1052,Ravi Das,Mumbai,WM Technician,Operations,Female,38,2025-08-17,Active,28200,General
EMP1053,Ankit Gupta,Mumbai,AC Technician,Operations,Female,26,2021-04-30,Active,31168,Evening
EMP1054,Rohit Singh,Mumbai,RF Technician,Operations,Male,32,2023-09-10,Active,32096,Evening
EMP1055,Deepak Das,Mumbai,AC Technician,Operations,Male,28,2026-02-02,Active,34278,Morning
EMP1056,Rahul Nair,Mumbai,Helper,Operations,Female,45,2024-07-19,Active,24732,General
EMP1057,Kiran Nair,Mumbai,AC Technician,Operations,Male,29,2024-06-16,Active,33728,Morning
EMP1058,Priya Sharma,Mumbai,AC Technician,Operations,Male,55,2025-04-03,Active,41837,Evening
EMP1059,Neha Nair,Mumbai,RF Technician,Operations,Male,32,2024-10-22,Active,34843,Morning
EMP1060,Suresh Das,Mumbai,Helper,Operations,Female,21,2024-03-14,Active,19138,General
EMP1061,Arjun Reddy,Mumbai,RF Technician,Operations,Female,20,2025-08-09,Active,33810,Evening
EMP1062,Rahul Saha,Mumbai,Helper,Operations,Male,45,2026-01-11,Active,20454,Evening
EMP1063,Pooja Reddy,Mumbai,AC Technician,Operations,Male,28,2021-09-21,Active,35410,General
EMP1064,Kiran Nair,Mumbai,RF Technician,Operations,Male,45,2020-09-17,Active,36757,Evening
EMP1065,Amit Gupta,Mumbai,RF Technician,Operations,Male,48,2023-06-01,Active,29527,Morning
EMP1066,Ravi Reddy,Mumbai,WM Technician,Operations,Male,51,2020-04-19,Active,25529,Morning
EMP1067,Ravi Nair,Mumbai,Helper,Operations,Male,34,2023-04-07,Active,23403,General
EMP1068,Anjali Reddy,Mumbai,AC Technician,Operations,Male,53,2020-02-15,Active,32815,Evening
EMP1069,Kavya Sharma,Mumbai,AC Technician,Operations,Male,27,2021-06-12,Active,38789,Evening
EMP1070,Anjali Nair,Mumbai,Helper,Operations,Male,33,2021-06-16,Active,19684,Evening
EMP1071,Neha Das,Mumbai,AC Technician,Operations,Male,39,2022-04-11,Active,38232,General
EMP1072,Arjun Gupta,Mumbai,RF Technician,Operations,Male,29,2024-12-30,Active,29048,Evening
EMP1073,Ankit Sharma,Mumbai,Helper,Operations,Male,51,2025-02-27,Active,21790,General
EMP1074,Deepak Reddy,Mumbai,Helper,Operations,Male,49,2023-11-21,Active,23736,General
EMP1075,Anjali Nair,Mumbai,AC Technician,Operations,Male,31,2024-08-27,Active,34081,Morning
EMP1076,Ankit Singh,Mumbai,RF Technician,Operations,Male,31,2026-05-18,Active,29565,Evening
EMP1077,Deepak Sharma,Mumbai,Helper,Operations,Female,30,2023-01-26,Active,23145,General
EMP1078,Amit Roy,Mumbai,RF Technician,Operations,Male,33,2025-07-14,Active,34738,General
EMP1079,Anjali Nair,Mumbai,WM Technician,Operations,Male,26,2025-08-28,Active,30279,Evening
EMP1080,Rahul Sharma,Mumbai,AC Technician,Operations,Male,33,2025-09-03,Active,30731,Evening
EMP1081,Pooja Singh,Mumbai,RF Technician,Operations,Male,49,2024-04-10,Active,33630,General
EMP1082,Suresh Roy,Mumbai,Helper,Operations,Male,20,2022-10-23,Active,18939,General
EMP1083,Ravi Gupta,Mumbai,Helper,Operations,Male,49,2025-06-08,Active,21779,Morning
EMP1084,Vijay Patel,Mumbai,AC Technician,Operations,Male,48,2021-07-28,Active,37713,Evening
EMP1085,Pooja Patel,Mumbai,Helper,Operations,Female,26,2021-12-26,Active,20409,Morning
EMP1086,Sneha Patel,Mumbai,Helper,Operations,Male,20,2023-01-24,Active,19257,Evening
EMP1087,Ankit Gupta,Mumbai,Helper,Operations,Male,22,2025-12-20,Active,19770,Evening
EMP1088,Neha Kumar,Mumbai,WM Technician,Operations,Male,26,2024-05-18,Active,29655,Evening
EMP1089,Sneha Singh,Mumbai,AC Technician,Operations,Male,23,2024-03-25,Active,33305,Morning
EMP1090,Priya Singh,Mumbai,Helper,Operations,Male,21,2024-09-23,Active,18228,Morning
EMP1091,Vijay Patel,Mumbai,RF Technician,Operations,Male,24,2022-06-22,Active,29582,General
EMP1092,Kiran Saha,Mumbai,AC Technician,Operations,Male,52,2021-03-17,Active,35359,Evening
EMP1093,Arjun Singh,Mumbai,RF Technician,Operations,Male,54,2024-06-06,Active,35010,Morning
EMP1094,Priya Kumar,Mumbai,AC Technician,Operations,Male,40,2021-12-12,Active,30245,Evening
EMP1095,Rohit Saha,Mumbai,WM Technician,Operations,Male,49,2022-06-20,Active,24540,General
EMP1096,Kavya Sharma,Mumbai,Helper,Operations,Male,24,2022-06-14,Active,21367,Evening
EMP1097,Priya Reddy,Mumbai,RF Technician,Operations,Male,30,2022-10-28,Active,29552,General
EMP1098,Priya Nair,Mumbai,Helper,Operations,Male,28,2023-09-22,Active,19436,General
EMP1099,Arjun Gupta,Mumbai,RF Technician,Operations,Male,21,2026-07-24,Active,35354,Evening
EMP1100,Amit Das,Mumbai,Helper,Operations,Male,20,2022-08-10,Active,18173,General
EMP1101,Ankit Patel,Mumbai,WM Technician,Operations,Male,47,2022-09-24,Active,29077,Morning
EMP1102,Kiran Kumar,Mumbai,WM Technician,Operations,Male,38,2022-04-07,Active,25242,Evening
EMP1103,Priya Kumar,Mumbai,AC Technician,Operations,Male,48,2023-09-08,Active,32199,Evening
EMP1104,Arjun Roy,Mumbai,Helper,Operations,Male,46,2023-03-27,Active,24148,Morning
EMP1105,Arjun Singh,Mumbai,AC Technician,Operations,Male,33,2026-01-18,Active,30885,General
EMP1106,Neha Kumar,Mumbai,WM Technician,Operations,Male,44,2025-11-05,Active,26634,Morning
EMP1107,Suresh Singh,Mumbai,RF Technician,Operations,Male,51,2020-10-13,Active,31153,Morning
EMP1108,Arjun Gupta,Mumbai,WM Technician,Operations,Male,31,2026-02-26,Active,30809,Morning
EMP1109,Kiran Singh,Mumbai,RF Technician,Operations,Male,49,2023-06-29,Active,30689,General
EMP1110,Neha Singh,Mumbai,WM Technician,Operations,Male,35,2023-05-26,Active,26337,General
EMP1111,Pooja Patel,Mumbai,Helper,Operations,Male,50,2020-11-23,Active,20945,Evening
EMP1112,Anjali Patel,Mumbai,WM Technician,Operations,Male,47,2025-08-31,Active,28992,General
EMP1113,Anjali Sharma,Mumbai,WM Technician,Operations,Male,50,2020-03-22,Active,30241,Evening
EMP1114,Vijay Das,Mumbai,WM Technician,Operations,Male,39,2026-01-09,Active,25251,General
EMP1115,Kavya Sharma,Mumbai,Helper,Operations,Male,39,2025-01-31,Active,20320,Evening
EMP1116,Rahul Kumar,Mumbai,AC Technician,Operations,Male,50,2022-03-12,Active,32535,Morning
EMP1117,Pooja Roy,Mumbai,AC Technician,Operations,Female,43,2025-07-05,Active,36628,Evening
EMP1118,Amit Reddy,Mumbai,WM Technician,Operations,Male,39,2020-10-18,Active,27348,Morning
EMP1119,Sneha Gupta,Mumbai,RF Technician,Operations,Female,30,2022-03-06,Active,35148,Evening
EMP1120,Anjali Singh,Mumbai,AC Technician,Operations,Male,43,2020-08-24,Active,40664,Evening
EMP1121,Rahul Patel,Mumbai,Helper,Operations,Male,22,2024-01-20,Active,23168,General
EMP1122,Vijay Kumar,Mumbai,AC Technician,Operations,Male,49,2021-08-26,Active,34166,Morning
EMP1123,Ravi Gupta,Mumbai,RF Technician,Operations,Male,25,2024-04-23,Active,34515,General
EMP1124,Deepak Gupta,Mumbai,RF Technician,Operations,Female,47,2021-11-10,Active,34993,Evening
EMP1125,Anjali Sharma,Mumbai,WM Technician,Operations,Female,44,2026-07-28,Active,26522,General
EMP1126,Kiran Reddy,Mumbai,Helper,Operations,Male,42,2021-08-07,Active,20203,General
EMP1127,Rahul Sharma,Mumbai,WM Technician,Operations,Male,20,2021-11-20,Active,30687,Evening
EMP1128,Deepak Reddy,Mumbai,AC Technician,Operations,Male,46,2025-11-20,Active,36829,General
EMP1129,Kiran Nair,Mumbai,Helper,Operations,Male,43,2022-02-02,Active,23767,Morning
EMP1130,Vijay Singh,Mumbai,RF Technician,Operations,Male,27,2025-01-19,Active,37291,Morning
EMP1131,Neha Saha,Mumbai,Helper,Operations,Male,31,2022-02-24,Active,20124,Evening
EMP1132,Pooja Sharma,Mumbai,WM Technician,Operations,Male,30,2020-11-22,Active,26401,Morning
EMP1133,Kavya Nair,Mumbai,AC Technician,Operations,Male,41,2020-05-01,Active,39595,Morning
EMP1134,Rahul Saha,Mumbai,AC Technician,Operations,Male,26,2020-02-08,Active,31000,Evening
EMP1135,Rahul Reddy,Mumbai,RF Technician,Operations,Male,22,2021-01-31,Active,31458,General
EMP1136,Anjali Roy,Mumbai,WM Technician,Operations,Male,37,2025-06-13,Active,27876,Evening
EMP1137,Sneha Reddy,Mumbai,Helper,Operations,Male,41,2023-07-15,Active,24691,Morning
EMP1138,Rahul Nair,Mumbai,Helper,Operations,Male,23,2023-12-29,Active,20705,Morning
EMP1139,Amit Gupta,Mumbai,Helper,Operations,Female,45,2021-07-22,Active,18210,General
EMP1140,Kavya Gupta,Mumbai,WM Technician,Operations,Male,35,2024-02-18,Active,27702,General
EMP1141,Rahul Roy,Mumbai,WM Technician,Operations,Male,32,2020-01-13,Active,29227,Evening
EMP1142,Kavya Reddy,Mumbai,AC Technician,Operations,Female,40,2024-12-24,Active,33826,General
EMP1143,Amit Reddy,Mumbai,WM Technician,Operations,Male,25,2023-11-27,Active,27505,Evening
EMP1144,Ankit Patel,Mumbai,RF Technician,Operations,Male,32,2021-08-09,Active,36520,General
EMP1145,Neha Patel,Mumbai,AC Technician,Operations,Male,25,2023-05-19,Active,41027,General
EMP1146,Arjun Singh,Mumbai,WM Technician,Operations,Female,27,2025-05-28,Active,29428,General
EMP1147,Rahul Patel,Mumbai,RF Technician,Operations,Male,25,2021-03-08,Active,35125,General
EMP1148,Rohit Nair,Mumbai,AC Technician,Operations,Female,40,2024-04-19,Active,34593,Morning
EMP1149,Kavya Sharma,Mumbai,RF Technician,Operations,Female,27,2021-07-10,Active,36757,General
EMP1150,Ravi Roy,Mumbai,WM Technician,Operations,Male,41,2022-07-05,Active,31633,General
EMP1151,Arjun Das,Mumbai,AC Technician,Operations,Male,44,2026-04-20,Active,37159,Morning
EMP1152,Kiran Sharma,Mumbai,AC Technician,Operations,Male,25,2021-04-01,Active,31460,Evening
EMP1153,Rahul Das,Mumbai,AC Technician,Operations,Male,28,2023-07-07,Active,36229,General
EMP1154,Anjali Roy,Mumbai,WM Technician,Operations,Male,54,2022-02-16,Active,30939,Evening
EMP1155,Arjun Sharma,Mumbai,Helper,Operations,Male,28,2025-10-29,Active,23437,General
EMP1156,Deepak Singh,Mumbai,WM Technician,Operations,Male,54,2025-03-01,Active,26588,Morning
EMP1157,Suresh Kumar,Mumbai,AC Technician,Operations,Male,49,2021-08-26,Active,39854,Evening
EMP1158,Rohit Saha,Mumbai,Helper,Operations,Male,39,2025-08-19,Active,23641,Morning
EMP1159,Pooja Kumar,Mumbai,AC Technician,Operations,Male,33,2025-07-20,Active,34775,General
EMP1160,Kiran Singh,Mumbai,Helper,Operations,Female,41,2021-09-17,Active,24782,General
EMP1161,Pooja Das,Mumbai,Helper,Operations,Male,23,2022-01-03,Active,21993,General
EMP1162,Priya Reddy,Mumbai,AC Technician,Operations,Female,30,2020-03-29,Active,38977,Evening
EMP1163,Deepak Das,Mumbai,AC Technician,Operations,Male,42,2024-05-22,Active,36407,Morning
EMP1164,Suresh Roy,Mumbai,RF Technician,Operations,Male,32,2026-02-22,Active,34451,Morning
EMP1165,Vijay Saha,Mumbai,RF Technician,Operations,Male,23,2023-05-30,Active,35496,General
EMP1166,Kiran Singh,Mumbai,AC Technician,Operations,Male,50,2023-04-07,Active,32372,Morning
EMP1167,Amit Patel,Mumbai,AC Technician,Operations,Male,20,2024-01-23,Active,41894,General
EMP1168,Sneha Nair,Mumbai,RF Technician,Operations,Male,47,2021-11-20,Active,28922,Morning
EMP1169,Priya Saha,Mumbai,AC Technician,Operations,Male,23,2021-04-25,Active,38444,General
EMP1170,Amit Singh,Mumbai,RF Technician,Operations,Male,29,2024-07-12,Active,32014,Morning
EMP1171,Pooja Sharma,Mumbai,AC Technician,Operations,Male,39,2021-12-07,Active,40695,General
EMP1172,Neha Roy,Mumbai,AC Technician,Operations,Male,44,2023-02-01,Active,40360,General
EMP1173,Arjun Kumar,Mumbai,Helper,Operations,Male,27,2020-12-04,Active,18999,Evening
EMP1174,Amit Saha,Mumbai,WM Technician,Operations,Male,50,2023-01-26,Active,29683,General
EMP1175,Suresh Sharma,Mumbai,RF Technician,Operations,Male,50,2024-11-11,Active,32888,General
EMP1176,Rahul Reddy,Mumbai,RF Technician,Operations,Male,54,2022-01-27,Active,34640,General
EMP1177,Amit Singh,Mumbai,RF Technician,Operations,Male,54,2025-12-11,Active,36004,Morning
EMP1178,Vijay Kumar,Mumbai,WM Technician,Operations,Female,27,2022-01-10,Active,31061,General
EMP1179,Kiran Patel,Mumbai,RF Technician,Operations,Male,40,2021-05-18,Active,28641,Morning
EMP1180,Deepak Roy,Mumbai,Helper,Operations,Male,36,2020-05-23,Active,18693,Morning
EMP1181,Deepak Kumar,Mumbai,RF Technician,Operations,Female,30,2024-09-28,Active,28001,Morning
EMP1182,Neha Patel,Mumbai,AC Technician,Operations,Female,53,2023-04-16,Active,40799,General
EMP1183,Kiran Sharma,Mumbai,AC Technician,Operations,Male,40,2025-11-10,Active,35769,General
EMP1184,Suresh Das,Mumbai,Helper,Operations,Male,22,2022-08-29,Active,18300,Morning
EMP1185,Kiran Saha,Mumbai,RF Technician,Operations,Female,33,2021-07-03,Active,37865,General
EMP1186,Rohit Das,Mumbai,WM Technician,Operations,Male,28,2024-09-24,Active,24609,General
EMP1187,Rohit Reddy,Mumbai,Helper,Operations,Male,30,2024-06-26,Active,21736,Morning
EMP1188,Rohit Singh,Mumbai,AC Technician,Operations,Female,29,2026-01-04,Active,33338,Morning
EMP1189,Priya Reddy,Mumbai,WM Technician,Operations,Male,52,2021-11-02,Active,27438,Morning
EMP1190,Amit Gupta,Mumbai,AC Technician,Operations,Male,35,2020-11-13,Active,34425,Morning
EMP1191,Rohit Patel,Mumbai,Helper,Operations,Male,41,2020-12-30,Active,20972,Evening
EMP1192,Pooja Singh,Mumbai,Helper,Operations,Female,34,2023-01-25,Active,18080,Morning
EMP1193,Deepak Saha,Mumbai,WM Technician,Operations,Male,26,2021-05-20,Active,25439,General
EMP1194,Deepak Gupta,Mumbai,WM Technician,Operations,Female,51,2021-01-26,Active,28333,Evening
EMP1195,Pooja Patel,Mumbai,WM Technician,Operations,Male,26,2020-07-15,Active,25398,Evening
EMP1196,Kavya Saha,Mumbai,RF Technician,Operations,Male,54,2026-03-09,Active,37742,Evening
EMP1197,Suresh Patel,Mumbai,RF Technician,Operations,Male,20,2025-10-04,Active,30547,General
EMP1198,Sneha Singh,Mumbai,AC Technician,Operations,Male,37,2020-08-04,Active,41885,General
EMP1199,Sneha Nair,Mumbai,AC Technician,Operations,Male,46,2025-02-18,Active,32999,Evening
EMP1200,Arjun Das,Mumbai,WM Technician,Operations,Male,37,2024-10-18,Active,28264,General
EMP1201,Ravi Sharma,Mumbai,RF Technician,Operations,Male,25,2023-06-05,Active,34660,Evening
EMP1202,Ankit Sharma,Mumbai,Helper,Operations,Male,35,2021-01-18,Active,19352,General
EMP1203,Suresh Nair,Mumbai,RF Technician,Operations,Male,55,2025-07-11,Active,28175,Evening
EMP1204,Kiran Kumar,Mumbai,AC Technician,Operations,Male,54,2021-05-25,Active,36643,Morning
EMP1205,Ankit Saha,Mumbai,Helper,Operations,Male,54,2023-11-14,Active,20000,General
EMP1206,Ravi Roy,Mumbai,RF Technician,Operations,Male,30,2025-11-14,Active,31687,Morning
EMP1207,Kavya Reddy,Mumbai,RF Technician,Operations,Female,52,2023-12-18,Active,28834,Evening
EMP1208,Arjun Gupta,Mumbai,WM Technician,Operations,Male,27,2023-10-16,Active,31487,General
EMP1209,Deepak Das,Mumbai,Helper,Operations,Female,27,2023-04-03,Active,20450,Evening
EMP1210,Ankit Nair,Mumbai,RF Technician,Operations,Male,45,2022-06-09,Active,32994,General
EMP1211,Neha Roy,Mumbai,AC Technician,Operations,Female,51,2020-08-23,Active,35828,Morning
EMP1212,Vijay Reddy,Mumbai,WM Technician,Operations,Male,26,2020-01-22,Active,26864,General
EMP1213,Ravi Gupta,Mumbai,RF Technician,Operations,Male,26,2024-10-30,Active,36061,Morning
EMP1214,Rahul Patel,Mumbai,AC Technician,Operations,Male,29,2024-08-09,Active,32029,Evening
EMP1215,Sneha Das,Mumbai,WM Technician,Operations,Male,36,2022-07-15,Active,27855,Evening
EMP1216,Neha Nair,Mumbai,AC Technician,Operations,Male,31,2026-01-06,Active,34415,Morning
EMP1217,Kiran Sharma,Mumbai,RF Technician,Operations,Male,42,2024-11-12,Active,28095,Evening
EMP1218,Priya Kumar,Mumbai,Helper,Operations,Male,22,2021-07-01,Active,21232,Evening
EMP1219,Anjali Nair,Mumbai,RF Technician,Operations,Male,32,2025-05-17,Active,32354,Morning
EMP1220,Pooja Patel,Mumbai,AC Technician,Operations,Male,28,2023-08-23,Active,36551,General
EMP1221,Sneha Gupta,Mumbai,WM Technician,Operations,Male,26,2020-03-27,Active,25033,Morning
EMP1222,Anjali Saha,Mumbai,AC Technician,Operations,Male,35,2020-08-01,Active,41113,Evening
EMP1223,Kavya Sharma,Mumbai,AC Technician,Operations,Male,47,2025-05-20,Active,34742,Evening
EMP1224,Vijay Singh,Mumbai,WM Technician,Operations,Male,35,2021-09-16,Active,29974,General
EMP1225,Anjali Singh,Mumbai,WM Technician,Operations,Male,27,2022-12-15,Active,29742,Morning
EMP1226,Kiran Saha,Mumbai,AC Technician,Operations,Male,26,2025-08-19,Active,40012,Morning
EMP1227,Pooja Kumar,Mumbai,WM Technician,Operations,Male,29,2022-07-28,Active,24986,Morning
EMP1228,Kiran Sharma,Mumbai,Helper,Operations,Male,32,2021-08-21,Active,21492,Morning
EMP1229,Arjun Singh,Mumbai,AC Technician,Operations,Female,44,2024-07-26,Active,38601,Evening
EMP1230,Ankit Das,Mumbai,Helper,Operations,Male,50,2020-09-08,Active,22176,Evening
EMP1231,Anjali Singh,Mumbai,RF Technician,Operations,Male,43,2023-02-23,Active,33751,General
EMP1232,Ankit Roy,Mumbai,WM Technician,Operations,Male,23,2022-01-14,Active,24334,Morning
EMP1233,Amit Reddy,Mumbai,WM Technician,Operations,Male,50,2023-02-21,Active,31442,General
EMP1234,Amit Sharma,Mumbai,Helper,Operations,Male,51,2024-01-29,Active,20738,Evening
EMP1235,Sneha Saha,Mumbai,AC Technician,Operations,Male,55,2021-06-17,Active,35426,Evening
EMP1236,Kiran Saha,Mumbai,WM Technician,Operations,Male,43,2022-09-02,Active,29326,Evening
EMP1237,Amit Kumar,Mumbai,WM Technician,Operations,Male,26,2021-06-18,Active,29157,General
EMP1238,Amit Sharma,Mumbai,Helper,Operations,Male,32,2022-03-01,Active,23772,Evening
EMP1239,Kiran Gupta,Mumbai,AC Technician,Operations,Female,41,2023-05-19,Active,41884,Evening
EMP1240,Rohit Gupta,Mumbai,RF Technician,Operations,Male,22,2021-06-07,Active,31140,Evening
EMP1241,Amit Reddy,Mumbai,Helper,Operations,Female,43,2025-01-10,Active,23159,General
EMP1242,Rahul Patel,Mumbai,WM Technician,Operations,Male,46,2025-11-15,Active,31629,General
EMP1243,Ankit Singh,Mumbai,WM Technician,Operations,Male,28,2023-04-01,Active,24372,General
EMP1244,Ravi Patel,Mumbai,AC Technician,Operations,Male,45,2025-07-20,Active,41218,General
EMP1245,Pooja Saha,Mumbai,RF Technician,Operations,Male,52,2024-04-22,Active,37215,Evening
EMP1246,Kiran Saha,Mumbai,AC Technician,Operations,Male,31,2020-01-15,Active,32621,General
EMP1247,Rohit Das,Mumbai,AC Technician,Operations,Male,52,2025-02-08,Active,38254,General
EMP1248,Vijay Singh,Mumbai,Helper,Operations,Female,38,2023-01-04,Active,22523,Morning
EMP1249,Suresh Das,Mumbai,RF Technician,Operations,Male,35,2023-04-10,Active,28640,General
EMP1250,Kiran Gupta,Mumbai,Helper,Operations,Female,37,2020-07-30,Active,23262,Morning
EMP1251,Rohit Patel,Mumbai,AC Technician,Operations,Male,42,2024-02-20,Active,35317,Morning
EMP1252,Rahul Roy,Mumbai,AC Technician,Operations,Male,38,2023-08-22,Active,30938,General
EMP1253,Amit Reddy,Mumbai,AC Technician,Operations,Male,37,2021-12-24,Active,34194,Morning
EMP1254,Arjun Roy,Mumbai,AC Technician,Operations,Female,36,2026-03-06,Active,33377,Evening
EMP1255,Anjali Roy,Mumbai,RF Technician,Operations,Male,45,2021-09-29,Active,35308,Morning
EMP1256,Neha Patel,Mumbai,WM Technician,Operations,Male,50,2021-01-18,Active,28062,Morning
EMP1257,Vijay Das,Mumbai,WM Technician,Operations,Male,31,2022-02-12,Active,28666,Evening
EMP1258,Kiran Sharma,Mumbai,AC Technician,Operations,Male,30,2021-12-28,Active,36458,General
EMP1259,Pooja Sharma,Mumbai,AC Technician,Operations,Male,47,2022-10-01,Active,37455,General
EMP1260,Pooja Reddy,Mumbai,Helper,Operations,Male,28,2020-02-18,Active,22942,Morning
EMP1261,Ravi Das,Mumbai,AC Technician,Operations,Male,20,2020-06-28,Active,32165,Morning
EMP1262,Priya Sharma,Mumbai,Helper,Operations,Male,20,2020-02-08,Active,24485,Morning
EMP1263,Deepak Roy,Mumbai,AC Technician,Operations,Male,50,2026-04-24,Active,37279,Morning
EMP1264,Rohit Gupta,Mumbai,WM Technician,Operations,Male,35,2020-08-16,Active,28452,General
EMP1265,Amit Gupta,Mumbai,AC Technician,Operations,Male,22,2021-02-25,Active,38923,Evening
EMP1266,Rahul Singh,Mumbai,AC Technician,Operations,Female,46,2021-08-03,Active,30019,Morning
EMP1267,Arjun Reddy,Mumbai,WM Technician,Operations,Male,29,2023-12-18,Active,29368,Evening
EMP1268,Arjun Sharma,Mumbai,AC Technician,Operations,Male,27,2025-07-07,Active,32778,Morning
EMP1269,Priya Sharma,Mumbai,AC Technician,Operations,Female,38,2024-01-03,Active,31249,General
EMP1270,Vijay Reddy,Mumbai,WM Technician,Operations,Male,25,2020-06-26,Active,28952,Morning
EMP1271,Deepak Saha,Mumbai,AC Technician,Operations,Male,31,2024-10-07,Active,32461,General
EMP1272,Sneha Das,Mumbai,WM Technician,Operations,Male,42,2021-03-01,Active,26220,Evening
EMP1273,Suresh Roy,Mumbai,RF Technician,Operations,Male,24,2020-01-09,Active,30435,General
EMP1274,Anjali Das,Mumbai,RF Technician,Operations,Male,48,2025-05-13,Active,29102,Morning
EMP1275,Sneha Roy,Mumbai,WM Technician,Operations,Male,40,2021-06-06,Active,25489,Evening
EMP1276,Priya Patel,Mumbai,AC Technician,Operations,Male,50,2024-08-22,Active,39858,General
EMP1277,Kavya Gupta,Mumbai,WM Technician,Operations,Male,35,2024-04-18,Active,27429,General
EMP1278,Ravi Saha,Mumbai,RF Technician,Operations,Male,54,2026-01-05,Active,31770,Evening
EMP1279,Arjun Sharma,Mumbai,AC Technician,Operations,Male,53,2026-06-24,Active,41362,General
EMP1280,Kavya Patel,Mumbai,RF Technician,Operations,Male,20,2022-04-12,Active,28281,Evening
EMP1281,Deepak Nair,Mumbai,WM Technician,Operations,Female,23,2023-12-01,Active,26956,Morning
EMP1282,Arjun Kumar,Mumbai,RF Technician,Operations,Male,55,2024-09-20,Active,31973,Morning
EMP1283,Rahul Reddy,Mumbai,RF Technician,Operations,Male,27,2021-08-09,Active,34184,General
EMP1284,Vijay Kumar,Mumbai,AC Technician,Operations,Male,26,2026-07-10,Active,31208,Evening
EMP1285,Rahul Saha,Mumbai,Helper,Operations,Male,29,2020-11-19,Active,20007,Morning
EMP1286,Suresh Gupta,Mumbai,RF Technician,Operations,Female,46,2021-09-05,Active,30988,Evening
EMP1287,Priya Nair,Mumbai,Helper,Operations,Male,39,2025-04-09,Active,21371,General
EMP1288,Ankit Kumar,Mumbai,AC Technician,Operations,Male,20,2023-03-20,Active,31822,Morning
EMP1289,Pooja Reddy,Mumbai,RF Technician,Operations,Male,31,2025-08-23,Active,30627,Morning
EMP1290,Deepak Singh,Mumbai,RF Technician,Operations,Male,49,2026-03-19,Active,32227,General
EMP1291,Pooja Patel,Mumbai,Helper,Operations,Male,30,2023-01-18,Active,18753,General
EMP1292,Vijay Gupta,Mumbai,AC Technician,Operations,Male,45,2020-08-17,Active,33586,Evening
EMP1293,Pooja Reddy,Mumbai,WM Technician,Operations,Male,24,2025-04-02,Active,27910,Evening
EMP1294,Amit Sharma,Mumbai,RF Technician,Operations,Male,43,2024-10-03,Active,31190,Evening
EMP1295,Vijay Gupta,Mumbai,AC Technician,Operations,Male,41,2020-04-24,Active,33924,Evening
EMP1296,Kiran Gupta,Mumbai,Helper,Operations,Male,33,2020-02-14,Active,24197,Evening
EMP1297,Ankit Saha,Mumbai,RF Technician,Operations,Male,22,2022-09-11,Active,32410,Morning
EMP1298,Ravi Das,Mumbai,RF Technician,Operations,Female,50,2020-07-06,Active,28787,Evening
EMP1299,Kiran Roy,Mumbai,RF Technician,Operations,Male,42,2023-03-02,Active,34523,General
EMP1300,Amit Roy,Mumbai,Helper,Operations,Male,42,2021-06-14,Active,23756,General
EMP1301,Rahul Saha,Mumbai,AC Technician,Operations,Male,52,2021-02-17,Active,38227,Morning
EMP1302,Suresh Nair,Mumbai,WM Technician,Operations,Male,50,2020-06-02,Active,26376,Morning
EMP1303,Suresh Patel,Mumbai,Helper,Operations,Male,25,2022-08-06,Active,19766,General
EMP1304,Priya Nair,Mumbai,RF Technician,Operations,Female,52,2025-10-15,Active,37973,General
EMP1305,Anjali Kumar,Mumbai,RF Technician,Operations,Male,41,2023-04-06,Active,33903,General
EMP1306,Ravi Patel,Mumbai,Helper,Operations,Female,44,2022-09-06,Active,19710,General
EMP1307,Suresh Das,Mumbai,WM Technician,Operations,Male,51,2021-02-02,Active,30592,Morning
EMP1308,Priya Patel,Mumbai,RF Technician,Operations,Male,25,2025-08-05,Active,29541,Evening
EMP1309,Sneha Roy,Mumbai,RF Technician,Operations,Female,30,2020-10-06,Active,32589,General
EMP1310,Rohit Nair,Mumbai,AC Technician,Operations,Male,31,2025-03-02,Active,34226,Evening
EMP1311,Ankit Roy,Mumbai,RF Technician,Operations,Male,28,2021-05-22,Active,37318,Evening
EMP1312,Suresh Nair,Mumbai,Helper,Operations,Female,45,2024-08-02,Active,23076,General
EMP1313,Anjali Gupta,Mumbai,RF Technician,Operations,Male,40,2024-03-10,Active,29367,General
EMP1314,Rahul Patel,Mumbai,Helper,Operations,Male,22,2020-08-21,Active,24070,Morning
EMP1315,Pooja Sharma,Mumbai,Helper,Operations,Female,38,2024-03-19,Active,19296,General
EMP1316,Neha Gupta,Mumbai,WM Technician,Operations,Male,49,2021-01-17,Active,26858,Evening
EMP1317,Amit Reddy,Mumbai,Helper,Operations,Female,49,2021-03-22,Active,18703,Morning
EMP1318,Priya Roy,Mumbai,Helper,Operations,Male,32,2024-07-02,Active,20692,Morning
EMP1319,Rohit Nair,Mumbai,RF Technician,Operations,Female,51,2022-05-20,Active,35802,Morning
EMP1320,Kiran Roy,Mumbai,Helper,Operations,Male,29,2025-04-08,Active,19192,General
EMP1321,Anjali Nair,Mumbai,Helper,Operations,Male,44,2020-09-12,Active,24623,Evening
EMP1322,Rohit Das,Mumbai,AC Technician,Operations,Male,33,2020-04-03,Active,41201,Evening
EMP1323,Pooja Sharma,Mumbai,RF Technician,Operations,Male,25,2021-08-03,Active,29134,Evening
EMP1324,Rohit Patel,Mumbai,AC Technician,Operations,Male,48,2024-09-15,Active,38597,Morning
EMP1325,Vijay Singh,Mumbai,AC Technician,Operations,Female,25,2024-10-21,Active,35603,Evening
EMP1326,Vijay Reddy,Mumbai,AC Technician,Operations,Male,46,2025-05-26,Active,37790,General
EMP1327,Kiran Sharma,Mumbai,WM Technician,Operations,Male,44,2020-02-10,Active,28594,General
EMP1328,Priya Kumar,Mumbai,Helper,Operations,Male,29,2023-08-19,Active,23440,General
EMP1329,Amit Reddy,Mumbai,RF Technician,Operations,Male,49,2021-08-27,Active,36182,Evening
EMP1330,Neha Saha,Mumbai,WM Technician,Operations,Male,20,2025-01-19,Active,31727,Morning
EMP1331,Vijay Saha,Mumbai,AC Technician,Operations,Male,33,2022-02-07,Active,36884,General
EMP1332,Rahul Roy,Mumbai,AC Technician,Operations,Male,42,2022-05-09,Active,33131,General
EMP1333,Amit Nair,Mumbai,RF Technician,Operations,Male,21,2023-05-21,Active,33029,General
EMP1334,Sneha Gupta,Mumbai,WM Technician,Operations,Male,49,2024-08-22,Active,27361,Evening
EMP1335,Anjali Roy,Mumbai,Helper,Operations,Male,41,2021-04-09,Active,19440,Evening
EMP1336,Deepak Reddy,Mumbai,RF Technician,Operations,Male,30,2026-02-01,Active,35141,Evening
EMP1337,Rahul Saha,Mumbai,AC Technician,Operations,Male,26,2020-12-24,Active,31700,Morning
EMP1338,Amit Nair,Mumbai,Helper,Operations,Female,26,2025-07-26,Active,24143,General
EMP1339,Kiran Singh,Mumbai,Helper,Operations,Male,22,2023-04-02,Active,24977,Evening
EMP1340,Kavya Sharma,Mumbai,Helper,Operations,Male,55,2024-04-09,Active,18937,Morning
EMP1341,Pooja Kumar,Mumbai,Helper,Operations,Male,49,2024-08-18,Active,24720,General
EMP1342,Rohit Das,Mumbai,AC Technician,Operations,Female,34,2025-09-09,Active,34646,Evening
EMP1343,Ankit Kumar,Mumbai,WM Technician,Operations,Female,46,2022-09-16,Active,24034,Evening
EMP1344,Priya Roy,Mumbai,Helper,Operations,Male,43,2025-10-26,Active,24717,General
EMP1345,Kiran Saha,Mumbai,WM Technician,Operations,Male,47,2022-09-17,Active,28552,Evening
EMP1346,Pooja Patel,Mumbai,Helper,Operations,Male,23,2026-06-24,Active,21515,Morning
EMP1347,Arjun Sharma,Mumbai,AC Technician,Operations,Male,40,2025-10-19,Active,32595,Evening
EMP1348,Pooja Das,Mumbai,Helper,Operations,Male,28,2025-08-27,Active,18969,General
EMP1349,Ravi Kumar,Mumbai,AC Technician,Operations,Female,30,2023-08-13,Active,33338,Morning
EMP1350,Pooja Kumar,Mumbai,RF Technician,Operations,Male,29,2020-04-23,Active,36907,Morning
EMP1351,Arjun Singh,Mumbai,RF Technician,Operations,Male,28,2025-02-01,Active,33867,Morning
EMP1352,Ankit Das,Mumbai,RF Technician,Operations,Male,54,2022-10-01,Active,34194,Evening
EMP1353,Amit Sharma,Mumbai,Helper,Operations,Male,29,2020-04-04,Active,23229,General
EMP1354,Rohit Patel,Mumbai,WM Technician,Operations,Male,27,2021-03-14,Active,25161,Evening
EMP1355,Pooja Sharma,Mumbai,Helper,Operations,Male,51,2024-01-20,Active,24867,Morning
EMP1356,Ravi Singh,Mumbai,WM Technician,Operations,Male,21,2024-08-21,Active,24602,Evening
EMP1357,Vijay Patel,Mumbai,Helper,Operations,Male,44,2023-07-08,Active,23190,Evening
EMP1358,Ankit Sharma,Mumbai,WM Technician,Operations,Male,31,2026-05-12,Active,29170,General
EMP1359,Rahul Patel,Mumbai,AC Technician,Operations,Female,42,2025-06-05,Active,40059,General
EMP1360,Rahul Gupta,Mumbai,RF Technician,Operations,Male,36,2021-05-13,Active,31159,General
EMP1361,Amit Singh,Mumbai,AC Technician,Operations,Male,52,2021-09-16,Active,33543,Evening
EMP1362,Suresh Das,Mumbai,Helper,Operations,Male,28,2022-06-19,Active,18683,General
EMP1363,Deepak Nair,Mumbai,AC Technician,Operations,Male,32,2021-01-11,Active,35710,General
EMP1364,Kiran Das,Mumbai,AC Technician,Operations,Male,51,2024-11-21,Active,38399,Evening
EMP1365,Deepak Patel,Mumbai,Helper,Operations,Male,37,2024-05-28,Active,18842,General
EMP1366,Anjali Saha,Mumbai,WM Technician,Operations,Male,51,2024-11-10,Active,31232,Evening
EMP1367,Anjali Singh,Mumbai,RF Technician,Operations,Male,40,2021-03-16,Active,37949,Evening
EMP1368,Ankit Gupta,Mumbai,RF Technician,Operations,Male,43,2020-09-20,Active,35363,Morning
EMP1369,Sneha Reddy,Mumbai,RF Technician,Operations,Male,46,2023-04-17,Active,37894,General
EMP1370,Sneha Singh,Mumbai,AC Technician,Operations,Male,31,2023-08-14,Active,37035,Morning
EMP1371,Amit Kumar,Mumbai,AC Technician,Operations,Male,43,2024-03-03,Active,32376,Evening
EMP1372,Priya Singh,Mumbai,AC Technician,Operations,Male,20,2023-09-09,Active,33502,Evening
EMP1373,Kiran Sharma,Mumbai,Helper,Operations,Male,44,2023-03-07,Active,22929,Morning
EMP1374,Anjali Roy,Mumbai,Helper,Operations,Male,24,2026-06-08,Active,23294,Evening
EMP1375,Kavya Kumar,Mumbai,RF Technician,Operations,Male,32,2022-03-18,Active,28813,Evening
EMP1376,Vijay Saha,Mumbai,Helper,Operations,Female,46,2021-05-03,Active,19016,Evening
EMP1377,Deepak Kumar,Mumbai,AC Technician,Operations,Male,44,2022-08-26,Active,39443,Morning
EMP1378,Pooja Kumar,Mumbai,RF Technician,Operations,Male,20,2025-03-06,Active,32659,Morning
EMP1379,Rahul Sharma,Mumbai,RF Technician,Operations,Female,53,2020-06-09,Active,33527,General
EMP1380,Sneha Reddy,Mumbai,WM Technician,Operations,Male,46,2023-05-17,Active,26250,Evening
EMP1381,Pooja Das,Mumbai,AC Technician,Operations,Male,40,2025-07-15,Active,40032,Morning
EMP1382,Amit Kumar,Mumbai,RF Technician,Operations,Male,49,2025-07-13,Active,29989,Evening
EMP1383,Anjali Singh,Mumbai,WM Technician,Operations,Male,20,2021-07-22,Active,24861,Evening
EMP1384,Rahul Kumar,Mumbai,Helper,Operations,Male,32,2024-02-19,Active,24685,General
EMP1385,Ravi Das,Mumbai,WM Technician,Operations,Male,22,2021-03-29,Active,24393,Evening
EMP1386,Neha Sharma,Mumbai,RF Technician,Operations,Male,44,2023-01-10,Active,30790,Morning
EMP1387,Neha Sharma,Mumbai,Helper,Operations,Male,29,2026-07-20,Active,24964,Evening
EMP1388,Kavya Das,Mumbai,Helper,Operations,Male,35,2026-06-25,Active,21915,General
EMP1389,Deepak Sharma,Mumbai,RF Technician,Operations,Male,50,2022-07-14,Active,29504,Evening
EMP1390,Ravi Nair,Mumbai,AC Technician,Operations,Male,35,2022-04-23,Active,41386,Morning
EMP1391,Kiran Nair,Mumbai,WM Technician,Operations,Male,20,2022-06-04,Active,27835,Evening
EMP1392,Deepak Nair,Mumbai,RF Technician,Operations,Male,33,2025-12-01,Active,36420,Evening
EMP1393,Arjun Roy,Mumbai,WM Technician,Operations,Male,52,2021-03-08,Active,31488,Morning
EMP1394,Kiran Sharma,Mumbai,AC Technician,Operations,Male,48,2025-10-04,Active,33326,Evening
EMP1395,Amit Patel,Mumbai,Helper,Operations,Male,30,2023-06-12,Active,22728,General
EMP1396,Neha Patel,Mumbai,AC Technician,Operations,Male,26,2021-03-27,Active,33941,Morning
EMP1397,Rohit Sharma,Mumbai,RF Technician,Operations,Male,50,2025-12-14,Active,35416,Evening
EMP1398,Suresh Reddy,Mumbai,RF Technician,Operations,Female,25,2023-12-22,Active,35069,Morning
EMP1399,Rohit Roy,Mumbai,Helper,Operations,Male,52,2023-09-28,Active,18435,Evening
EMP1400,Kiran Reddy,Mumbai,WM Technician,Operations,Male,44,2024-09-26,Active,25588,Evening
EMP1401,Anjali Sharma,Chennai,AC Technician,Operations,Male,37,2025-12-09,Active,39952,Evening
EMP1402,Ankit Kumar,Chennai,AC Technician,Operations,Male,35,2021-03-30,Active,33597,Morning
EMP1403,Rohit Singh,Chennai,RF Technician,Operations,Male,35,2020-09-26,Active,36718,Morning
EMP1404,Arjun Das,Chennai,Helper,Operations,Female,45,2024-05-24,Active,21218,Morning
EMP1405,Deepak Saha,Chennai,Helper,Operations,Male,30,2022-04-13,Active,20847,General
EMP1406,Kavya Das,Chennai,RF Technician,Operations,Male,20,2021-01-21,Active,31032,General
EMP1407,Ravi Patel,Chennai,RF Technician,Operations,Female,35,2021-11-28,Active,33162,General
EMP1408,Kavya Reddy,Chennai,RF Technician,Operations,Male,49,2021-08-03,Active,28208,General
EMP1409,Rahul Saha,Chennai,Helper,Operations,Male,31,2022-12-16,Active,18630,Morning
EMP1410,Arjun Nair,Chennai,WM Technician,Operations,Male,50,2026-07-16,Active,24008,Evening
EMP1411,Arjun Gupta,Chennai,AC Technician,Operations,Male,21,2026-05-12,Active,41141,Evening
EMP1412,Priya Nair,Chennai,WM Technician,Operations,Male,29,2021-01-19,Active,24819,Evening
EMP1413,Kavya Das,Chennai,WM Technician,Operations,Male,42,2026-02-13,Active,26108,General
EMP1414,Priya Gupta,Chennai,Helper,Operations,Male,20,2023-12-15,Active,20466,General
EMP1415,Rahul Patel,Chennai,Helper,Operations,Male,50,2021-04-06,Active,20211,General
EMP1416,Rahul Singh,Chennai,WM Technician,Operations,Female,34,2021-08-03,Active,26926,Evening
EMP1417,Ravi Singh,Chennai,AC Technician,Operations,Male,47,2024-01-12,Active,33380,General
EMP1418,Neha Gupta,Chennai,RF Technician,Operations,Female,44,2021-03-18,Active,32487,General
EMP1419,Anjali Das,Chennai,Helper,Operations,Male,42,2023-09-18,Active,21203,General
EMP1420,Priya Saha,Chennai,AC Technician,Operations,Male,22,2026-07-01,Active,38520,General
EMP1421,Amit Kumar,Chennai,AC Technician,Operations,Male,49,2026-05-10,Active,35685,Evening
EMP1422,Deepak Saha,Chennai,RF Technician,Operations,Male,29,2025-03-25,Active,30461,General
EMP1423,Ravi Das,Chennai,WM Technician,Operations,Male,30,2023-05-28,Active,27988,Evening
EMP1424,Amit Kumar,Chennai,RF Technician,Operations,Male,22,2022-06-09,Active,32636,General
EMP1425,Rahul Kumar,Chennai,Helper,Operations,Male,20,2024-10-28,Active,20885,General
EMP1426,Suresh Sharma,Chennai,AC Technician,Operations,Male,42,2023-03-06,Active,38224,General
EMP1427,Ravi Das,Chennai,AC Technician,Operations,Male,29,2022-03-16,Active,37078,General
EMP1428,Pooja Reddy,Chennai,Helper,Operations,Male,50,2023-12-23,Active,20037,General
EMP1429,Deepak Patel,Chennai,AC Technician,Operations,Male,26,2022-12-06,Active,34948,General
EMP1430,Kiran Das,Chennai,Helper,Operations,Male,40,2026-06-26,Active,19140,General
EMP1431,Ravi Das,Chennai,RF Technician,Operations,Male,55,2022-03-28,Active,32932,Evening
EMP1432,Anjali Sharma,Chennai,AC Technician,Operations,Male,49,2026-02-13,Active,33004,Evening
EMP1433,Sneha Nair,Chennai,WM Technician,Operations,Male,48,2023-07-07,Active,28127,General
EMP1434,Rahul Gupta,Chennai,RF Technician,Operations,Male,49,2024-09-18,Active,34721,Evening
EMP1435,Deepak Singh,Chennai,Helper,Operations,Male,46,2020-12-28,Active,24191,Morning
EMP1436,Deepak Kumar,Chennai,AC Technician,Operations,Male,43,2021-06-05,Active,40172,General
EMP1437,Rahul Nair,Chennai,Helper,Operations,Male,45,2021-05-30,Active,21300,General
EMP1438,Ravi Kumar,Chennai,Helper,Operations,Male,53,2025-02-28,Active,24874,Morning
EMP1439,Deepak Saha,Chennai,Helper,Operations,Male,26,2023-09-27,Active,22868,Morning
EMP1440,Ankit Singh,Chennai,Helper,Operations,Male,41,2020-09-06,Active,18994,General
EMP1441,Suresh Das,Chennai,Helper,Operations,Male,55,2025-07-21,Active,19117,Morning
EMP1442,Kiran Sharma,Chennai,WM Technician,Operations,Male,20,2025-06-09,Active,29109,General
EMP1443,Arjun Singh,Chennai,Helper,Operations,Male,29,2021-05-10,Active,22258,Morning
EMP1444,Ankit Sharma,Chennai,AC Technician,Operations,Male,21,2025-09-02,Active,37271,Evening
EMP1445,Rohit Saha,Chennai,WM Technician,Operations,Male,50,2022-01-23,Active,30719,Morning
EMP1446,Rahul Patel,Chennai,RF Technician,Operations,Male,27,2024-11-05,Active,30396,General
EMP1447,Kiran Nair,Chennai,Helper,Operations,Male,35,2021-11-30,Active,22190,General
EMP1448,Kavya Roy,Chennai,WM Technician,Operations,Male,38,2021-02-13,Active,31856,General
EMP1449,Neha Reddy,Chennai,AC Technician,Operations,Male,45,2024-04-29,Active,41430,Morning
EMP1450,Amit Saha,Chennai,Helper,Operations,Male,29,2020-04-24,Active,20321,Evening
EMP1451,Neha Kumar,Chennai,Helper,Operations,Male,39,2020-05-19,Active,23284,General
EMP1452,Neha Das,Chennai,RF Technician,Operations,Female,42,2021-07-24,Active,35666,General
EMP1453,Kiran Roy,Chennai,WM Technician,Operations,Male,30,2024-01-05,Active,28101,General
EMP1454,Vijay Patel,Chennai,RF Technician,Operations,Female,53,2024-05-18,Active,36405,Morning
EMP1455,Rohit Das,Chennai,WM Technician,Operations,Male,41,2025-02-25,Active,29858,Morning
EMP1456,Vijay Saha,Chennai,RF Technician,Operations,Female,24,2025-06-04,Active,34168,Evening
EMP1457,Priya Saha,Chennai,Helper,Operations,Male,52,2025-11-22,Active,20123,Morning
EMP1458,Ravi Kumar,Chennai,AC Technician,Operations,Female,42,2026-07-22,Active,40116,Evening
EMP1459,Amit Nair,Chennai,RF Technician,Operations,Male,30,2022-08-07,Active,29581,General
EMP1460,Arjun Sharma,Chennai,Helper,Operations,Female,50,2023-08-18,Active,24225,Morning
EMP1461,Ankit Saha,Chennai,RF Technician,Operations,Female,31,2024-04-22,Active,34882,Morning
EMP1462,Rahul Patel,Chennai,AC Technician,Operations,Male,22,2020-10-25,Active,37234,Evening
EMP1463,Kiran Singh,Chennai,AC Technician,Operations,Male,48,2024-03-26,Active,32182,General
EMP1464,Vijay Reddy,Chennai,RF Technician,Operations,Male,48,2023-03-17,Active,31694,Morning
EMP1465,Amit Singh,Chennai,Helper,Operations,Male,32,2020-12-18,Active,22768,Morning
EMP1466,Ravi Roy,Chennai,WM Technician,Operations,Male,28,2020-01-22,Active,26945,Evening
EMP1467,Kavya Gupta,Chennai,RF Technician,Operations,Male,53,2025-07-25,Active,31115,Morning
EMP1468,Anjali Reddy,Chennai,AC Technician,Operations,Male,55,2021-07-18,Active,31100,Evening
EMP1469,Amit Sharma,Chennai,RF Technician,Operations,Female,25,2021-06-04,Active,36474,Evening
EMP1470,Arjun Das,Chennai,Helper,Operations,Male,23,2026-01-23,Active,20710,Morning
EMP1471,Ravi Patel,Chennai,Helper,Operations,Female,36,2024-05-18,Active,23761,Evening
EMP1472,Deepak Reddy,Chennai,Helper,Operations,Female,24,2025-12-28,Active,22713,Morning
EMP1473,Rohit Kumar,Chennai,Helper,Operations,Male,54,2021-03-30,Active,22774,Evening
EMP1474,Ankit Patel,Chennai,WM Technician,Operations,Male,46,2022-12-04,Active,25642,Evening
EMP1475,Ravi Saha,Chennai,RF Technician,Operations,Male,41,2020-09-12,Active,31860,Evening
EMP1476,Ravi Gupta,Chennai,WM Technician,Operations,Female,22,2023-11-17,Active,24579,Evening
EMP1477,Amit Kumar,Chennai,WM Technician,Operations,Male,28,2023-01-13,Active,29925,Morning
EMP1478,Deepak Singh,Chennai,AC Technician,Operations,Male,34,2023-12-05,Active,37069,Evening
EMP1479,Pooja Kumar,Chennai,Helper,Operations,Male,23,2020-04-17,Active,24337,Morning
EMP1480,Suresh Reddy,Chennai,RF Technician,Operations,Male,23,2024-05-04,Active,34180,General
EMP1481,Amit Saha,Chennai,WM Technician,Operations,Male,55,2021-07-18,Active,24946,Evening
EMP1482,Anjali Kumar,Chennai,Helper,Operations,Female,43,2023-12-11,Active,19586,Evening
EMP1483,Ankit Kumar,Chennai,AC Technician,Operations,Male,25,2020-02-11,Active,33721,Evening
EMP1484,Suresh Nair,Chennai,RF Technician,Operations,Female,35,2020-08-20,Active,29255,Morning
EMP1485,Arjun Das,Chennai,Helper,Operations,Male,22,2023-07-10,Active,20864,General
EMP1486,Ravi Sharma,Chennai,Helper,Operations,Male,45,2025-05-14,Active,23386,Morning
EMP1487,Sneha Singh,Chennai,Helper,Operations,Male,54,2022-04-23,Active,22054,General
EMP1488,Arjun Gupta,Chennai,RF Technician,Operations,Male,39,2024-02-11,Active,37034,Evening
EMP1489,Ankit Roy,Chennai,Helper,Operations,Female,40,2026-01-26,Active,22124,Morning
EMP1490,Suresh Gupta,Chennai,AC Technician,Operations,Female,51,2023-02-19,Active,31285,Morning
EMP1491,Suresh Kumar,Chennai,WM Technician,Operations,Male,55,2022-05-13,Active,25005,Evening
EMP1492,Kavya Kumar,Chennai,AC Technician,Operations,Female,48,2025-02-01,Active,31871,Morning
EMP1493,Rohit Saha,Chennai,RF Technician,Operations,Male,44,2023-05-15,Active,29384,Morning
EMP1494,Ankit Singh,Chennai,WM Technician,Operations,Male,21,2024-04-16,Active,27151,Evening
EMP1495,Deepak Kumar,Chennai,Helper,Operations,Male,31,2024-10-31,Active,22362,Morning
EMP1496,Rohit Saha,Chennai,RF Technician,Operations,Male,42,2020-04-16,Active,37973,Evening
EMP1497,Ankit Sharma,Chennai,RF Technician,Operations,Male,21,2023-10-28,Active,35111,Evening
EMP1498,Rohit Patel,Chennai,RF Technician,Operations,Male,38,2025-12-30,Active,35594,Evening
EMP1499,Rohit Das,Chennai,RF Technician,Operations,Female,49,2022-09-02,Active,30160,Morning
EMP1500,Pooja Kumar,Chennai,WM Technician,Operations,Male,35,2026-02-01,Active,26423,Evening
EMP1501,Rahul Sharma,Chennai,WM Technician,Operations,Male,43,2023-01-05,Active,29400,Evening
EMP1502,Neha Kumar,Chennai,AC Technician,Operations,Male,40,2022-12-19,Active,32929,Evening
EMP1503,Kiran Reddy,Chennai,RF Technician,Operations,Male,49,2020-05-31,Active,33877,Evening
EMP1504,Priya Sharma,Chennai,AC Technician,Operations,Male,25,2023-02-06,Active,39999,General
EMP1505,Suresh Singh,Chennai,AC Technician,Operations,Male,36,2023-02-05,Active,34252,Evening
EMP1506,Ankit Patel,Chennai,RF Technician,Operations,Male,29,2020-07-22,Active,31812,Morning
EMP1507,Arjun Kumar,Chennai,WM Technician,Operations,Male,48,2026-07-03,Active,26599,Morning
EMP1508,Sneha Gupta,Chennai,WM Technician,Operations,Female,36,2022-11-20,Active,24132,General
EMP1509,Neha Sharma,Chennai,Helper,Operations,Male,35,2023-12-03,Active,18894,Morning
EMP1510,Sneha Reddy,Chennai,AC Technician,Operations,Male,35,2022-04-15,Active,35337,General
EMP1511,Priya Saha,Chennai,Helper,Operations,Male,47,2023-03-05,Active,19172,Morning
EMP1512,Deepak Saha,Chennai,RF Technician,Operations,Male,41,2024-07-29,Active,34139,Evening
EMP1513,Rahul Sharma,Chennai,RF Technician,Operations,Male,43,2020-07-01,Active,32765,Morning
EMP1514,Sneha Singh,Chennai,RF Technician,Operations,Male,40,2025-09-23,Active,36326,General
EMP1515,Ravi Sharma,Chennai,AC Technician,Operations,Male,22,2021-09-06,Active,36243,General
EMP1516,Anjali Gupta,Chennai,WM Technician,Operations,Female,34,2026-05-04,Active,28124,General
EMP1517,Neha Roy,Chennai,Helper,Operations,Male,53,2020-07-29,Active,22973,Evening
EMP1518,Sneha Singh,Chennai,AC Technician,Operations,Male,38,2022-09-26,Active,35385,Morning
EMP1519,Anjali Roy,Chennai,WM Technician,Operations,Male,27,2022-09-14,Active,27645,General
EMP1520,Kavya Saha,Chennai,RF Technician,Operations,Male,55,2025-09-02,Active,29252,Evening
EMP1521,Arjun Reddy,Chennai,Helper,Operations,Male,46,2022-07-30,Active,22664,Morning
EMP1522,Priya Roy,Chennai,Helper,Operations,Male,28,2022-12-02,Active,24519,Evening
EMP1523,Kavya Singh,Chennai,RF Technician,Operations,Male,46,2024-09-20,Active,36274,Morning
EMP1524,Anjali Das,Chennai,RF Technician,Operations,Female,49,2020-03-04,Active,30732,Morning
EMP1525,Anjali Kumar,Chennai,WM Technician,Operations,Male,50,2021-02-17,Active,25035,Morning
EMP1526,Pooja Reddy,Chennai,AC Technician,Operations,Male,24,2021-06-26,Active,38436,General
EMP1527,Deepak Sharma,Chennai,WM Technician,Operations,Male,45,2026-03-31,Active,25977,General
EMP1528,Sneha Nair,Chennai,RF Technician,Operations,Male,41,2021-03-17,Active,28741,Morning
EMP1529,Suresh Patel,Chennai,AC Technician,Operations,Female,48,2024-11-19,Active,34739,Evening
EMP1530,Sneha Nair,Chennai,RF Technician,Operations,Male,52,2020-12-09,Active,30494,Morning
EMP1531,Rohit Sharma,Chennai,RF Technician,Operations,Male,48,2021-12-24,Active,36334,General
EMP1532,Anjali Das,Chennai,Helper,Operations,Male,51,2023-10-29,Active,18395,General
EMP1533,Kiran Reddy,Chennai,AC Technician,Operations,Male,40,2021-12-31,Active,32346,Morning
EMP1534,Vijay Sharma,Chennai,Helper,Operations,Male,40,2021-02-11,Active,20845,Evening
EMP1535,Deepak Das,Chennai,RF Technician,Operations,Male,51,2024-12-02,Active,31664,Morning
EMP1536,Suresh Sharma,Chennai,WM Technician,Operations,Female,26,2022-08-06,Active,29459,Evening
EMP1537,Ankit Gupta,Chennai,Helper,Operations,Male,52,2021-11-22,Active,18224,General
EMP1538,Sneha Singh,Chennai,WM Technician,Operations,Male,32,2020-01-28,Active,28000,Morning
EMP1539,Neha Das,Chennai,Helper,Operations,Male,47,2024-12-27,Active,22267,Morning
EMP1540,Rohit Sharma,Chennai,Helper,Operations,Female,27,2024-12-25,Active,21541,Evening
EMP1541,Arjun Sharma,Chennai,AC Technician,Operations,Female,37,2021-04-22,Active,35795,Morning
EMP1542,Ravi Roy,Chennai,WM Technician,Operations,Male,52,2023-10-05,Active,26261,Evening
EMP1543,Priya Singh,Chennai,WM Technician,Operations,Female,22,2024-11-10,Active,24822,General
EMP1544,Pooja Singh,Chennai,WM Technician,Operations,Female,22,2020-02-02,Active,26014,Morning
EMP1545,Vijay Nair,Chennai,Helper,Operations,Male,36,2025-04-09,Active,19240,Evening
EMP1546,Kiran Kumar,Chennai,WM Technician,Operations,Male,32,2020-12-29,Active,31789,General
EMP1547,Vijay Kumar,Chennai,WM Technician,Operations,Male,51,2026-04-03,Active,29007,Morning
EMP1548,Arjun Roy,Chennai,AC Technician,Operations,Male,36,2024-04-06,Active,40338,General
EMP1549,Kavya Nair,Chennai,RF Technician,Operations,Male,31,2023-05-14,Active,31799,Evening
EMP1550,Deepak Sharma,Chennai,Helper,Operations,Male,45,2024-01-02,Active,22451,Evening
EMP1551,Arjun Reddy,Chennai,Helper,Operations,Male,38,2024-09-14,Active,21663,Evening
EMP1552,Pooja Patel,Chennai,RF Technician,Operations,Male,49,2023-07-30,Active,29860,Evening
EMP1553,Arjun Kumar,Chennai,Helper,Operations,Male,50,2025-06-26,Active,22923,Evening
EMP1554,Priya Das,Chennai,RF Technician,Operations,Male,52,2022-05-31,Active,34701,Morning
EMP1555,Pooja Das,Chennai,RF Technician,Operations,Male,46,2024-05-22,Active,35240,Evening
EMP1556,Priya Kumar,Chennai,AC Technician,Operations,Female,37,2025-06-11,Active,41930,Morning
EMP1557,Kiran Sharma,Chennai,AC Technician,Operations,Male,46,2022-06-25,Active,39379,Morning
EMP1558,Rahul Kumar,Chennai,AC Technician,Operations,Female,41,2021-06-13,Active,39911,General
EMP1559,Ravi Kumar,Chennai,WM Technician,Operations,Male,25,2023-09-27,Active,31472,Evening
EMP1560,Pooja Singh,Chennai,AC Technician,Operations,Male,43,2026-01-02,Active,33251,Morning
EMP1561,Kiran Gupta,Chennai,RF Technician,Operations,Male,30,2024-03-11,Active,33431,Evening
EMP1562,Amit Gupta,Chennai,WM Technician,Operations,Male,20,2020-05-27,Active,30926,Morning
EMP1563,Deepak Kumar,Chennai,Helper,Operations,Male,51,2020-06-22,Active,19285,Evening
EMP1564,Amit Reddy,Chennai,RF Technician,Operations,Male,35,2020-05-18,Active,32463,General
EMP1565,Ravi Gupta,Chennai,Helper,Operations,Male,28,2023-01-10,Active,18695,Morning
EMP1566,Suresh Sharma,Chennai,RF Technician,Operations,Male,46,2020-03-23,Active,28241,General
EMP1567,Priya Reddy,Chennai,RF Technician,Operations,Male,45,2022-03-06,Active,37923,Evening
EMP1568,Kiran Sharma,Chennai,WM Technician,Operations,Male,21,2023-05-22,Active,26245,Evening
EMP1569,Ravi Singh,Chennai,Helper,Operations,Male,50,2024-03-22,Active,20385,Evening
EMP1570,Arjun Reddy,Chennai,RF Technician,Operations,Female,55,2023-02-14,Active,35919,Evening
EMP1571,Amit Nair,Chennai,AC Technician,Operations,Male,51,2024-05-31,Active,36106,General
EMP1572,Neha Roy,Chennai,WM Technician,Operations,Male,21,2024-06-15,Active,30317,Morning
EMP1573,Ravi Sharma,Chennai,AC Technician,Operations,Male,26,2023-06-26,Active,35446,Morning
EMP1574,Ravi Patel,Chennai,WM Technician,Operations,Male,33,2025-06-29,Active,28861,Morning
EMP1575,Ankit Nair,Chennai,RF Technician,Operations,Male,50,2025-11-13,Active,37283,Morning
EMP1576,Ankit Roy,Chennai,Helper,Operations,Male,39,2023-10-15,Active,24834,Morning
EMP1577,Kiran Gupta,Chennai,WM Technician,Operations,Male,46,2020-01-23,Active,26196,General
EMP1578,Arjun Roy,Chennai,AC Technician,Operations,Male,54,2025-08-09,Active,35128,General
EMP1579,Ravi Sharma,Chennai,AC Technician,Operations,Male,50,2025-10-08,Active,39089,General
EMP1580,Vijay Gupta,Chennai,AC Technician,Operations,Male,24,2024-03-18,Active,32085,Morning
EMP1581,Ankit Reddy,Chennai,WM Technician,Operations,Male,30,2022-03-19,Active,27584,Morning
EMP1582,Anjali Reddy,Chennai,RF Technician,Operations,Male,53,2025-06-18,Active,30291,General
EMP1583,Rohit Gupta,Chennai,WM Technician,Operations,Male,27,2024-11-18,Active,26410,General
EMP1584,Suresh Das,Chennai,AC Technician,Operations,Male,43,2026-04-28,Active,40653,Morning
EMP1585,Rohit Nair,Chennai,WM Technician,Operations,Male,33,2024-02-29,Active,28254,General
EMP1586,Kavya Kumar,Chennai,Helper,Operations,Male,41,2021-07-08,Active,19345,General
EMP1587,Rahul Das,Chennai,RF Technician,Operations,Male,31,2021-09-07,Active,35708,Morning
EMP1588,Priya Sharma,Chennai,Helper,Operations,Male,32,2021-01-19,Active,22405,Evening
EMP1589,Arjun Roy,Chennai,RF Technician,Operations,Male,49,2021-10-02,Active,29093,Evening
EMP1590,Deepak Roy,Chennai,WM Technician,Operations,Male,32,2023-01-29,Active,26328,Evening
EMP1591,Kiran Sharma,Chennai,WM Technician,Operations,Male,45,2022-11-09,Active,28596,General
EMP1592,Rohit Saha,Chennai,AC Technician,Operations,Male,26,2022-06-05,Active,34587,Morning
EMP1593,Rohit Saha,Chennai,RF Technician,Operations,Male,53,2024-04-17,Active,33409,General
EMP1594,Arjun Singh,Chennai,Helper,Operations,Male,50,2022-05-07,Active,19377,Morning
EMP1595,Rahul Roy,Chennai,WM Technician,Operations,Male,29,2021-08-10,Active,25350,Evening
EMP1596,Anjali Nair,Chennai,WM Technician,Operations,Male,23,2021-07-15,Active,28191,Evening
EMP1597,Pooja Reddy,Chennai,AC Technician,Operations,Male,52,2021-04-25,Active,33944,General
EMP1598,Priya Gupta,Chennai,Helper,Operations,Male,50,2023-12-25,Active,20553,General
EMP1599,Suresh Reddy,Chennai,Helper,Operations,Male,33,2021-11-11,Active,23191,Evening
EMP1600,Anjali Roy,Chennai,RF Technician,Operations,Male,51,2022-10-23,Active,29970,General
EMP1601,Sneha Reddy,Chennai,WM Technician,Operations,Male,43,2025-03-24,Active,30313,General
EMP1602,Vijay Kumar,Chennai,Helper,Operations,Male,55,2022-02-21,Active,21133,Evening
EMP1603,Deepak Roy,Chennai,AC Technician,Operations,Male,43,2025-11-24,Active,33193,Morning
EMP1604,Rohit Kumar,Chennai,RF Technician,Operations,Male,43,2022-11-05,Active,36237,Morning
EMP1605,Rohit Das,Chennai,Helper,Operations,Male,50,2024-06-19,Active,18359,General
EMP1606,Neha Nair,Chennai,Helper,Operations,Male,21,2025-04-12,Active,22977,General
EMP1607,Rahul Saha,Chennai,RF Technician,Operations,Male,54,2021-03-01,Active,28625,Evening
EMP1608,Anjali Sharma,Chennai,AC Technician,Operations,Female,29,2021-12-25,Active,32156,Morning
EMP1609,Rohit Singh,Chennai,Helper,Operations,Male,23,2023-07-11,Active,18798,General
EMP1610,Vijay Saha,Chennai,AC Technician,Operations,Male,21,2023-09-24,Active,41009,Evening
EMP1611,Pooja Reddy,Chennai,WM Technician,Operations,Male,43,2025-10-15,Active,24116,General
EMP1612,Suresh Das,Chennai,RF Technician,Operations,Female,23,2020-09-23,Active,31161,General
EMP1613,Kiran Gupta,Chennai,RF Technician,Operations,Male,48,2020-07-01,Active,32514,General
EMP1614,Sneha Sharma,Chennai,RF Technician,Operations,Male,20,2023-06-28,Active,32485,General
EMP1615,Amit Sharma,Chennai,Helper,Operations,Male,25,2026-05-08,Active,21792,Morning
EMP1616,Rahul Patel,Chennai,Helper,Operations,Male,25,2022-01-30,Active,20600,General
EMP1617,Arjun Das,Chennai,RF Technician,Operations,Male,33,2024-03-14,Active,35542,Morning
EMP1618,Pooja Das,Chennai,WM Technician,Operations,Female,32,2021-06-27,Active,26543,Morning
EMP1619,Arjun Singh,Chennai,Helper,Operations,Male,28,2026-05-03,Active,20584,Evening
EMP1620,Neha Das,Chennai,Helper,Operations,Male,32,2021-12-26,Active,20416,Evening
EMP1621,Neha Patel,Chennai,WM Technician,Operations,Male,42,2026-06-28,Active,26978,Evening
EMP1622,Kiran Reddy,Chennai,AC Technician,Operations,Male,44,2021-09-29,Active,38813,General
EMP1623,Rohit Sharma,Chennai,Helper,Operations,Male,38,2022-04-29,Active,20803,General
EMP1624,Rohit Kumar,Chennai,WM Technician,Operations,Male,33,2022-11-23,Active,25787,Evening
EMP1625,Neha Saha,Chennai,Helper,Operations,Female,53,2022-02-02,Active,21892,Morning
EMP1626,Amit Roy,Chennai,WM Technician,Operations,Male,44,2020-05-18,Active,26640,General
EMP1627,Priya Roy,Chennai,Helper,Operations,Female,20,2021-10-12,Active,21452,Evening
EMP1628,Vijay Nair,Chennai,AC Technician,Operations,Male,26,2022-02-05,Active,35865,Evening
EMP1629,Anjali Reddy,Chennai,AC Technician,Operations,Male,21,2024-12-03,Active,40102,Evening
EMP1630,Priya Nair,Chennai,WM Technician,Operations,Male,35,2022-10-31,Active,29925,Evening
EMP1631,Amit Reddy,Chennai,Helper,Operations,Male,39,2020-06-13,Active,19919,General
EMP1632,Rahul Patel,Chennai,AC Technician,Operations,Male,37,2026-06-23,Active,36565,General
EMP1633,Suresh Patel,Chennai,RF Technician,Operations,Male,39,2025-11-16,Active,31251,General
EMP1634,Sneha Nair,Chennai,RF Technician,Operations,Male,23,2021-01-05,Active,33067,Morning
EMP1635,Vijay Das,Chennai,RF Technician,Operations,Male,49,2020-01-04,Active,30416,Morning
EMP1636,Ravi Singh,Chennai,Helper,Operations,Male,31,2022-08-25,Active,19665,Evening
EMP1637,Vijay Roy,Chennai,Helper,Operations,Male,55,2024-03-12,Active,18040,Evening
EMP1638,Pooja Nair,Chennai,RF Technician,Operations,Male,55,2024-06-02,Active,31481,Evening
EMP1639,Suresh Reddy,Chennai,AC Technician,Operations,Male,26,2024-05-06,Active,32105,Evening
EMP1640,Ravi Roy,Chennai,Helper,Operations,Male,38,2024-10-05,Active,22890,Evening
EMP1641,Arjun Roy,Chennai,Helper,Operations,Male,21,2022-06-27,Active,22985,Morning
EMP1642,Pooja Sharma,Chennai,Helper,Operations,Male,52,2020-01-07,Active,23001,General
EMP1643,Kiran Das,Chennai,Helper,Operations,Male,28,2025-08-09,Active,19539,Morning
EMP1644,Anjali Patel,Chennai,WM Technician,Operations,Male,41,2024-04-22,Active,29357,Morning
EMP1645,Anjali Patel,Chennai,RF Technician,Operations,Male,44,2025-05-22,Active,28570,Evening
EMP1646,Sneha Sharma,Chennai,Helper,Operations,Male,53,2021-03-11,Active,21808,Morning
EMP1647,Suresh Saha,Chennai,RF Technician,Operations,Male,45,2020-02-20,Active,30635,Evening
EMP1648,Pooja Reddy,Chennai,RF Technician,Operations,Male,49,2020-02-17,Active,35964,General
EMP1649,Amit Saha,Chennai,AC Technician,Operations,Male,39,2024-10-06,Active,34237,General
EMP1650,Priya Gupta,Chennai,RF Technician,Operations,Male,48,2025-08-18,Active,34108,Evening
EMP1651,Pooja Sharma,Chennai,WM Technician,Operations,Female,27,2022-01-02,Active,27473,General
EMP1652,Neha Reddy,Chennai,Helper,Operations,Male,41,2022-11-22,Active,19618,General
EMP1653,Neha Roy,Chennai,Helper,Operations,Male,38,2020-06-12,Active,18995,Evening
EMP1654,Deepak Kumar,Chennai,WM Technician,Operations,Male,43,2022-10-30,Active,27487,Evening
EMP1655,Rahul Nair,Chennai,Helper,Operations,Male,31,2023-04-16,Active,20923,Evening
EMP1656,Ankit Gupta,Chennai,AC Technician,Operations,Male,22,2021-04-02,Active,35853,General
EMP1657,Amit Patel,Chennai,Helper,Operations,Male,35,2021-12-18,Active,18688,General
EMP1658,Neha Saha,Chennai,AC Technician,Operations,Male,51,2024-10-31,Active,34500,Evening
EMP1659,Ravi Roy,Chennai,Helper,Operations,Male,53,2026-05-19,Active,21755,Morning
EMP1660,Ravi Roy,Chennai,WM Technician,Operations,Male,29,2021-02-18,Active,27128,General
EMP1661,Vijay Das,Chennai,AC Technician,Operations,Female,39,2024-09-26,Active,36565,Morning
EMP1662,Rohit Das,Chennai,Helper,Operations,Male,25,2024-11-10,Active,18953,Morning
EMP1663,Sneha Saha,Chennai,WM Technician,Operations,Male,54,2022-09-25,Active,29687,Morning
EMP1664,Vijay Das,Chennai,WM Technician,Operations,Male,47,2023-01-30,Active,30118,General
EMP1665,Deepak Das,Chennai,WM Technician,Operations,Male,22,2024-06-20,Active,31452,Morning
EMP1666,Suresh Das,Chennai,RF Technician,Operations,Male,33,2020-03-17,Active,34788,General
EMP1667,Rahul Roy,Chennai,AC Technician,Operations,Male,40,2021-02-01,Active,33626,Morning
EMP1668,Priya Gupta,Chennai,WM Technician,Operations,Male,38,2025-03-01,Active,28816,Evening
EMP1669,Priya Roy,Chennai,Helper,Operations,Male,55,2020-02-21,Active,20809,Evening
EMP1670,Kavya Singh,Chennai,Helper,Operations,Female,29,2025-03-07,Active,24998,General
EMP1671,Ankit Saha,Chennai,Helper,Operations,Male,30,2024-05-16,Active,20094,Evening
EMP1672,Kiran Gupta,Chennai,RF Technician,Operations,Female,51,2026-04-18,Active,33657,Morning
EMP1673,Neha Kumar,Chennai,WM Technician,Operations,Male,38,2023-07-15,Active,27698,General
EMP1674,Anjali Kumar,Chennai,AC Technician,Operations,Male,30,2023-12-11,Active,39255,Evening
EMP1675,Arjun Reddy,Chennai,Helper,Operations,Male,38,2026-03-29,Active,24095,Evening
EMP1676,Amit Reddy,Chennai,WM Technician,Operations,Female,28,2024-03-30,Active,28973,Morning
EMP1677,Vijay Reddy,Chennai,Helper,Operations,Male,27,2026-05-26,Active,20370,Morning
EMP1678,Rohit Roy,Chennai,RF Technician,Operations,Male,42,2022-06-10,Active,34851,General
EMP1679,Pooja Singh,Chennai,RF Technician,Operations,Male,26,2023-07-25,Active,36229,General
EMP1680,Vijay Patel,Chennai,RF Technician,Operations,Female,51,2025-03-15,Active,32690,Evening
EMP1681,Neha Patel,Chennai,WM Technician,Operations,Male,20,2025-12-21,Active,30798,Evening
EMP1682,Anjali Reddy,Chennai,WM Technician,Operations,Male,26,2024-04-19,Active,28752,General
EMP1683,Ravi Saha,Chennai,WM Technician,Operations,Male,21,2022-07-07,Active,25135,General
EMP1684,Arjun Patel,Chennai,AC Technician,Operations,Male,46,2020-04-03,Active,35325,General
EMP1685,Pooja Gupta,Chennai,AC Technician,Operations,Male,50,2021-01-07,Active,36066,Morning
EMP1686,Arjun Patel,Chennai,AC Technician,Operations,Male,32,2021-10-23,Active,37500,Evening
EMP1687,Ravi Kumar,Chennai,AC Technician,Operations,Male,32,2023-08-14,Active,32173,Evening
EMP1688,Neha Singh,Chennai,RF Technician,Operations,Male,49,2025-02-23,Active,32014,General
EMP1689,Priya Patel,Chennai,RF Technician,Operations,Male,49,2025-08-10,Active,29821,General
EMP1690,Anjali Gupta,Chennai,Helper,Operations,Male,24,2020-01-29,Active,24132,Morning
EMP1691,Amit Saha,Chennai,AC Technician,Operations,Female,44,2020-10-15,Active,36833,Evening
EMP1692,Ankit Das,Chennai,RF Technician,Operations,Male,54,2020-04-07,Active,35184,Evening
EMP1693,Neha Reddy,Chennai,RF Technician,Operations,Male,22,2024-01-28,Active,34544,General
EMP1694,Amit Patel,Chennai,WM Technician,Operations,Male,26,2021-08-20,Active,30939,Evening
EMP1695,Kiran Das,Chennai,Helper,Operations,Male,41,2021-08-04,Active,19991,Evening
EMP1696,Rohit Roy,Chennai,RF Technician,Operations,Male,24,2025-02-19,Active,36053,Morning
EMP1697,Rohit Saha,Chennai,Helper,Operations,Male,48,2023-09-16,Active,24450,Evening
EMP1698,Deepak Kumar,Chennai,Helper,Operations,Male,22,2021-07-27,Active,19212,General
EMP1699,Deepak Das,Chennai,WM Technician,Operations,Male,43,2026-04-27,Active,26971,General
EMP1700,Kavya Nair,Chennai,WM Technician,Operations,Female,30,2026-05-14,Active,29192,Evening
EMP1701,Deepak Reddy,Chennai,WM Technician,Operations,Male,29,2021-06-10,Active,25200,General
EMP1702,Deepak Patel,Chennai,RF Technician,Operations,Male,34,2020-04-24,Active,31467,General
EMP1703,Pooja Nair,Chennai,AC Technician,Operations,Male,36,2024-01-31,Active,41815,General
EMP1704,Priya Gupta,Chennai,RF Technician,Operations,Male,30,2023-11-10,Active,30553,General
EMP1705,Vijay Nair,Chennai,AC Technician,Operations,Male,51,2021-11-23,Active,38605,Evening
EMP1706,Deepak Singh,Chennai,AC Technician,Operations,Female,20,2020-09-22,Active,35609,Morning
EMP1707,Sneha Nair,Chennai,WM Technician,Operations,Male,37,2021-05-04,Active,29324,Morning
EMP1708,Kiran Roy,Chennai,AC Technician,Operations,Male,20,2025-11-16,Active,33741,General
EMP1709,Ravi Das,Chennai,WM Technician,Operations,Male,45,2021-02-08,Active,31799,Evening
EMP1710,Neha Saha,Chennai,AC Technician,Operations,Male,54,2026-01-11,Active,31301,Morning
EMP1711,Vijay Singh,Chennai,WM Technician,Operations,Male,35,2022-11-14,Active,30531,General
EMP1712,Rohit Gupta,Chennai,AC Technician,Operations,Male,49,2021-12-27,Active,30659,General
EMP1713,Deepak Kumar,Chennai,WM Technician,Operations,Male,32,2020-09-17,Active,31423,Morning
EMP1714,Kavya Nair,Chennai,WM Technician,Operations,Male,35,2026-07-26,Active,30239,General
EMP1715,Kiran Nair,Chennai,AC Technician,Operations,Male,23,2023-07-30,Active,40385,Morning
EMP1716,Kiran Saha,Chennai,WM Technician,Operations,Male,25,2025-05-03,Active,25617,Morning
EMP1717,Neha Singh,Chennai,Helper,Operations,Male,20,2026-07-10,Active,21520,Morning
EMP1718,Rohit Nair,Chennai,RF Technician,Operations,Male,49,2020-01-03,Active,32124,Evening
EMP1719,Deepak Das,Chennai,AC Technician,Operations,Male,41,2025-09-08,Active,37918,General
EMP1720,Deepak Nair,Chennai,WM Technician,Operations,Male,54,2022-10-16,Active,26794,Evening
EMP1721,Kavya Nair,Chennai,WM Technician,Operations,Male,31,2025-06-20,Active,24053,Evening
EMP1722,Neha Roy,Chennai,RF Technician,Operations,Male,24,2024-11-04,Active,32991,Morning
EMP1723,Arjun Singh,Chennai,AC Technician,Operations,Male,54,2022-01-18,Active,33171,Morning
EMP1724,Amit Das,Chennai,AC Technician,Operations,Male,39,2023-08-03,Active,38690,Evening
EMP1725,Priya Patel,Chennai,AC Technician,Operations,Female,33,2026-05-27,Active,41008,Morning
EMP1726,Vijay Roy,Chennai,AC Technician,Operations,Male,45,2021-12-04,Active,32587,General
EMP1727,Rohit Singh,Chennai,WM Technician,Operations,Female,50,2024-09-03,Active,30387,General
EMP1728,Deepak Roy,Chennai,AC Technician,Operations,Female,50,2023-05-28,Active,36075,Morning
EMP1729,Pooja Reddy,Chennai,RF Technician,Operations,Male,40,2025-01-16,Active,33046,Evening
EMP1730,Sneha Patel,Chennai,WM Technician,Operations,Male,45,2020-08-14,Active,31935,Evening
EMP1731,Kiran Singh,Chennai,Helper,Operations,Female,37,2020-03-20,Active,24705,General
EMP1732,Priya Reddy,Chennai,RF Technician,Operations,Male,36,2023-04-22,Active,34119,Morning
EMP1733,Kiran Singh,Chennai,RF Technician,Operations,Male,40,2026-04-04,Active,37174,General
EMP1734,Arjun Patel,Chennai,WM Technician,Operations,Male,48,2023-01-27,Active,24875,Morning
EMP1735,Pooja Nair,Chennai,WM Technician,Operations,Male,50,2025-04-08,Active,31799,Morning
EMP1736,Priya Das,Chennai,WM Technician,Operations,Male,44,2020-08-30,Active,24830,Morning
EMP1737,Suresh Sharma,Chennai,Helper,Operations,Male,48,2023-03-10,Active,18909,Evening
EMP1738,Deepak Saha,Chennai,RF Technician,Operations,Male,46,2021-09-13,Active,30464,General
EMP1739,Rohit Gupta,Chennai,AC Technician,Operations,Male,25,2024-11-30,Active,34017,Evening
EMP1740,Priya Roy,Chennai,WM Technician,Operations,Male,38,2020-03-30,Active,25150,Morning
EMP1741,Neha Singh,Chennai,WM Technician,Operations,Female,48,2022-05-29,Active,25508,Evening
EMP1742,Rohit Das,Chennai,Helper,Operations,Male,41,2022-03-26,Active,23551,General
EMP1743,Anjali Reddy,Chennai,Helper,Operations,Male,21,2021-07-28,Active,18976,General
EMP1744,Ankit Gupta,Chennai,WM Technician,Operations,Male,51,2020-07-15,Active,30813,General
EMP1745,Kavya Das,Chennai,RF Technician,Operations,Male,47,2020-05-11,Active,36261,Evening
EMP1746,Amit Gupta,Chennai,AC Technician,Operations,Male,24,2020-11-05,Active,39261,Morning
EMP1747,Kiran Sharma,Chennai,AC Technician,Operations,Male,52,2020-12-25,Active,39403,Evening
EMP1748,Suresh Roy,Chennai,Helper,Operations,Male,47,2023-02-08,Active,21815,Evening
EMP1749,Anjali Kumar,Chennai,Helper,Operations,Male,41,2025-02-02,Active,22323,General
EMP1750,Rahul Singh,Chennai,RF Technician,Operations,Male,38,2020-01-27,Active,34388,Morning
EMP1751,Priya Gupta,Chennai,RF Technician,Operations,Male,29,2022-11-26,Active,31651,General
EMP1752,Suresh Singh,Chennai,Helper,Operations,Male,32,2026-06-10,Active,20905,General
EMP1753,Rahul Gupta,Chennai,WM Technician,Operations,Male,33,2023-06-17,Active,25487,Morning
EMP1754,Ravi Roy,Chennai,AC Technician,Operations,Male,22,2021-06-05,Active,38848,Evening
EMP1755,Vijay Reddy,Chennai,RF Technician,Operations,Female,34,2022-05-05,Active,31304,Evening
EMP1756,Suresh Nair,Chennai,RF Technician,Operations,Female,34,2022-06-08,Active,33821,Morning
EMP1757,Kiran Reddy,Chennai,Helper,Operations,Male,44,2020-04-14,Active,21636,General
EMP1758,Pooja Saha,Chennai,AC Technician,Operations,Male,48,2024-06-23,Active,33254,Morning
EMP1759,Amit Patel,Chennai,WM Technician,Operations,Male,25,2021-12-18,Active,28150,General
EMP1760,Priya Reddy,Chennai,RF Technician,Operations,Male,27,2025-06-26,Active,37909,Evening
EMP1761,Rohit Gupta,Chennai,RF Technician,Operations,Male,25,2025-09-07,Active,33895,Evening
EMP1762,Anjali Reddy,Chennai,AC Technician,Operations,Male,49,2020-03-07,Active,30118,Evening
EMP1763,Ravi Reddy,Chennai,RF Technician,Operations,Female,26,2023-12-23,Active,33904,Evening
EMP1764,Pooja Nair,Chennai,Helper,Operations,Female,39,2022-07-28,Active,23744,Morning
EMP1765,Arjun Patel,Chennai,AC Technician,Operations,Male,37,2023-08-17,Active,30743,Morning
EMP1766,Kavya Kumar,Chennai,WM Technician,Operations,Male,28,2025-10-25,Active,25275,Morning
EMP1767,Anjali Patel,Chennai,AC Technician,Operations,Male,33,2023-04-15,Active,36089,General
EMP1768,Vijay Roy,Chennai,Helper,Operations,Male,31,2025-10-25,Active,19240,General
EMP1769,Kiran Das,Chennai,AC Technician,Operations,Female,27,2021-10-27,Active,30491,Evening
EMP1770,Rahul Roy,Chennai,RF Technician,Operations,Male,43,2022-12-22,Active,33260,Morning
EMP1771,Ankit Gupta,Chennai,AC Technician,Operations,Male,50,2020-05-20,Active,32364,Evening
EMP1772,Rahul Roy,Chennai,RF Technician,Operations,Male,53,2021-11-26,Active,30591,Morning
EMP1773,Kavya Nair,Chennai,RF Technician,Operations,Female,25,2024-09-15,Active,29086,Morning
EMP1774,Rahul Das,Chennai,RF Technician,Operations,Female,54,2024-12-08,Active,30202,General
EMP1775,Sneha Saha,Chennai,WM Technician,Operations,Male,36,2021-06-09,Active,26645,General
EMP1776,Kiran Patel,Chennai,RF Technician,Operations,Male,26,2025-05-11,Active,36074,General
EMP1777,Ravi Sharma,Chennai,Helper,Operations,Male,28,2021-08-07,Active,19847,General
EMP1778,Rohit Patel,Chennai,WM Technician,Operations,Male,38,2021-03-07,Active,26046,Morning
EMP1779,Rohit Patel,Chennai,Helper,Operations,Male,39,2023-09-08,Active,23820,Evening
EMP1780,Ankit Reddy,Chennai,AC Technician,Operations,Male,43,2021-08-17,Active,39492,General
EMP1781,Ankit Singh,Chennai,AC Technician,Operations,Male,32,2022-01-16,Active,30234,Morning
EMP1782,Kavya Roy,Chennai,RF Technician,Operations,Male,40,2020-02-17,Active,37373,Evening
EMP1783,Rohit Gupta,Chennai,WM Technician,Operations,Male,45,2025-01-25,Active,25759,Evening
EMP1784,Vijay Das,Chennai,RF Technician,Operations,Male,37,2025-10-08,Active,33527,Evening
EMP1785,Amit Roy,Chennai,Helper,Operations,Male,51,2026-02-26,Active,21738,General
EMP1786,Anjali Kumar,Chennai,WM Technician,Operations,Male,36,2020-09-15,Active,30405,Evening
EMP1787,Amit Sharma,Chennai,AC Technician,Operations,Female,28,2021-01-22,Active,33721,Evening
EMP1788,Neha Reddy,Chennai,RF Technician,Operations,Male,38,2021-06-01,Active,33695,Evening
EMP1789,Kiran Patel,Chennai,Helper,Operations,Male,25,2025-08-29,Active,19495,Evening
EMP1790,Sneha Gupta,Chennai,WM Technician,Operations,Female,34,2020-03-09,Active,25627,General
EMP1791,Ankit Gupta,Chennai,Helper,Operations,Male,29,2026-04-24,Active,22346,General
EMP1792,Vijay Sharma,Chennai,RF Technician,Operations,Male,34,2025-12-14,Active,30732,Evening
EMP1793,Anjali Singh,Chennai,Helper,Operations,Male,34,2021-09-14,Active,22430,General
EMP1794,Anjali Nair,Chennai,WM Technician,Operations,Male,45,2023-04-29,Active,27193,General
EMP1795,Rohit Gupta,Chennai,AC Technician,Operations,Male,28,2023-05-13,Active,30005,Morning
EMP1796,Suresh Patel,Chennai,AC Technician,Operations,Male,33,2020-09-30,Active,30970,Evening
EMP1797,Anjali Reddy,Chennai,RF Technician,Operations,Male,30,2022-09-20,Active,34410,Morning
EMP1798,Rohit Patel,Chennai,WM Technician,Operations,Male,35,2023-12-06,Active,24577,Morning
EMP1799,Suresh Singh,Chennai,WM Technician,Operations,Female,27,2026-07-27,Active,31736,General
EMP1800,Amit Gupta,Chennai,AC Technician,Operations,Male,37,2023-09-03,Active,30176,General
EMP1801,Neha Das,Chennai,Helper,Operations,Male,26,2025-04-13,Active,19902,General
EMP1802,Priya Das,Chennai,RF Technician,Operations,Female,54,2025-02-04,Active,30517,Morning
EMP1803,Neha Reddy,Chennai,RF Technician,Operations,Female,22,2024-04-11,Active,32185,Morning
EMP1804,Amit Sharma,Chennai,Helper,Operations,Male,51,2023-04-07,Active,19840,General
EMP1805,Anjali Reddy,Chennai,RF Technician,Operations,Female,43,2022-09-15,Active,36102,General
EMP1806,Priya Reddy,Chennai,RF Technician,Operations,Male,26,2023-02-21,Active,32519,Evening
EMP1807,Amit Nair,Chennai,AC Technician,Operations,Male,36,2023-12-31,Active,31361,Morning
EMP1808,Rohit Sharma,Chennai,RF Technician,Operations,Male,51,2022-06-25,Active,37684,Evening
EMP1809,Pooja Saha,Chennai,WM Technician,Operations,Female,51,2026-04-15,Active,28969,General
EMP1810,Amit Saha,Chennai,AC Technician,Operations,Male,44,2020-06-21,Active,39857,Morning
EMP1811,Anjali Reddy,Chennai,AC Technician,Operations,Male,35,2024-01-17,Active,39504,General
EMP1812,Neha Saha,Chennai,AC Technician,Operations,Male,22,2023-11-23,Active,40601,Evening
EMP1813,Anjali Kumar,Chennai,AC Technician,Operations,Female,22,2024-06-21,Active,40291,General
EMP1814,Amit Das,Chennai,AC Technician,Operations,Male,31,2020-04-08,Active,40330,Evening
EMP1815,Sneha Roy,Chennai,AC Technician,Operations,Female,21,2025-02-13,Active,34153,Evening
EMP1816,Priya Nair,Chennai,Helper,Operations,Female,35,2023-02-07,Active,21653,Morning
EMP1817,Priya Reddy,Chennai,WM Technician,Operations,Male,36,2021-10-19,Active,25715,General
EMP1818,Sneha Saha,Chennai,RF Technician,Operations,Male,31,2025-08-09,Active,29456,Evening
EMP1819,Amit Sharma,Chennai,Helper,Operations,Male,34,2023-07-20,Active,24788,Evening
EMP1820,Pooja Singh,Chennai,WM Technician,Operations,Male,40,2025-07-29,Active,29238,Morning
EMP1821,Sneha Patel,Chennai,Helper,Operations,Male,51,2023-12-07,Active,20760,Evening
EMP1822,Deepak Gupta,Chennai,AC Technician,Operations,Female,40,2020-03-06,Active,31826,Morning
EMP1823,Vijay Reddy,Chennai,Helper,Operations,Male,55,2023-04-28,Active,24199,General
EMP1824,Pooja Das,Chennai,AC Technician,Operations,Male,24,2022-03-24,Active,31529,Morning
EMP1825,Suresh Reddy,Chennai,AC Technician,Operations,Male,41,2025-12-22,Active,35796,Evening
EMP1826,Arjun Nair,Chennai,Helper,Operations,Male,38,2026-05-24,Active,18673,Evening
EMP1827,Rohit Kumar,Chennai,Helper,Operations,Female,35,2026-02-22,Active,19269,General
EMP1828,Kiran Patel,Chennai,Helper,Operations,Male,34,2022-10-01,Active,19850,Evening
EMP1829,Neha Reddy,Chennai,Helper,Operations,Male,35,2020-03-26,Active,23015,Evening
EMP1830,Pooja Saha,Chennai,Helper,Operations,Male,32,2024-08-15,Active,19524,General
EMP1831,Anjali Roy,Chennai,RF Technician,Operations,Female,44,2022-12-07,Active,33963,Evening
EMP1832,Ravi Patel,Chennai,WM Technician,Operations,Male,35,2023-08-04,Active,28426,Evening
EMP1833,Amit Gupta,Chennai,Helper,Operations,Male,35,2026-01-13,Active,22742,Morning
EMP1834,Arjun Roy,Chennai,Helper,Operations,Male,54,2023-07-08,Active,18858,General
EMP1835,Ankit Nair,Chennai,Helper,Operations,Male,55,2022-07-06,Active,21811,Evening
EMP1836,Rahul Gupta,Chennai,Helper,Operations,Male,51,2024-11-21,Active,18529,Morning
EMP1837,Suresh Sharma,Chennai,AC Technician,Operations,Male,23,2023-11-24,Active,37809,General
EMP1838,Rahul Saha,Chennai,WM Technician,Operations,Male,24,2023-02-04,Active,28667,Evening
EMP1839,Neha Das,Chennai,AC Technician,Operations,Male,28,2024-06-11,Active,33525,General
EMP1840,Anjali Patel,Chennai,WM Technician,Operations,Male,39,2023-09-15,Active,25905,General
EMP1841,Sneha Saha,Chennai,Helper,Operations,Male,40,2020-01-28,Active,22993,Morning
EMP1842,Vijay Singh,Chennai,WM Technician,Operations,Male,24,2020-09-17,Active,28339,Evening
EMP1843,Kavya Sharma,Chennai,Helper,Operations,Male,31,2022-01-12,Active,18241,General
EMP1844,Pooja Reddy,Chennai,WM Technician,Operations,Male,26,2024-07-10,Active,28702,General
EMP1845,Amit Das,Chennai,AC Technician,Operations,Male,50,2021-07-21,Active,35624,Morning
EMP1846,Vijay Das,Chennai,RF Technician,Operations,Male,47,2022-10-29,Active,36186,Morning
EMP1847,Ravi Roy,Chennai,Helper,Operations,Male,34,2023-12-09,Active,23302,General
EMP1848,Ankit Gupta,Chennai,RF Technician,Operations,Male,26,2025-11-15,Active,32223,Morning
EMP1849,Rahul Kumar,Chennai,WM Technician,Operations,Male,43,2021-01-26,Active,25380,Morning
EMP1850,Sneha Sharma,Chennai,WM Technician,Operations,Male,39,2020-04-23,Active,30553,General
EMP1851,Kiran Roy,Chennai,AC Technician,Operations,Female,32,2025-08-02,Active,32978,General
EMP1852,Neha Patel,Chennai,WM Technician,Operations,Male,29,2024-03-12,Active,28702,Morning
EMP1853,Amit Das,Chennai,WM Technician,Operations,Male,48,2020-05-04,Active,29096,Morning
EMP1854,Vijay Sharma,Chennai,Helper,Operations,Female,26,2023-11-30,Active,23595,Morning
EMP1855,Pooja Nair,Chennai,AC Technician,Operations,Male,29,2023-10-13,Active,37449,General
EMP1856,Sneha Patel,Chennai,Helper,Operations,Female,55,2020-09-25,Active,20771,Morning
EMP1857,Ankit Roy,Chennai,Helper,Operations,Male,51,2022-02-10,Active,24504,Evening
EMP1858,Ravi Roy,Chennai,WM Technician,Operations,Male,50,2021-02-08,Active,30944,General
EMP1859,Kiran Das,Chennai,AC Technician,Operations,Female,54,2025-11-06,Active,36458,General
EMP1860,Anjali Reddy,Chennai,WM Technician,Operations,Male,48,2022-03-22,Active,26399,General
EMP1861,Amit Roy,Chennai,Helper,Operations,Male,25,2025-07-01,Active,18195,Evening
EMP1862,Ankit Gupta,Chennai,Helper,Operations,Male,44,2023-06-06,Active,22076,Evening
EMP1863,Vijay Roy,Chennai,RF Technician,Operations,Female,32,2020-12-31,Active,33031,General
EMP1864,Pooja Singh,Chennai,WM Technician,Operations,Male,54,2020-04-24,Active,24386,Evening
EMP1865,Anjali Gupta,Chennai,Helper,Operations,Male,54,2020-08-02,Active,24748,General
EMP1866,Ankit Singh,Chennai,WM Technician,Operations,Male,31,2025-09-14,Active,27037,General
EMP1867,Kiran Nair,Chennai,RF Technician,Operations,Male,31,2022-06-26,Active,33247,Morning
EMP1868,Amit Das,Chennai,Helper,Operations,Male,20,2020-07-04,Active,21125,Morning
EMP1869,Arjun Roy,Chennai,AC Technician,Operations,Male,35,2023-09-16,Active,32900,Evening
EMP1870,Arjun Saha,Chennai,AC Technician,Operations,Female,45,2020-07-02,Active,32554,Morning
EMP1871,Rohit Reddy,Chennai,RF Technician,Operations,Male,47,2026-05-25,Active,33074,Morning
EMP1872,Kiran Nair,Chennai,Helper,Operations,Male,46,2024-08-21,Active,21089,Evening
EMP1873,Neha Patel,Chennai,RF Technician,Operations,Male,20,2024-06-07,Active,28684,General
EMP1874,Vijay Nair,Chennai,RF Technician,Operations,Male,34,2020-10-15,Active,29874,Morning
EMP1875,Rohit Reddy,Chennai,WM Technician,Operations,Male,54,2023-09-02,Active,25371,General
EMP1876,Amit Sharma,Chennai,AC Technician,Operations,Male,38,2023-03-12,Active,39340,Evening
EMP1877,Kiran Patel,Chennai,RF Technician,Operations,Male,32,2020-12-20,Active,37089,Evening
EMP1878,Amit Singh,Chennai,RF Technician,Operations,Male,22,2025-04-04,Active,35844,Morning
EMP1879,Ravi Singh,Chennai,Helper,Operations,Male,44,2022-01-25,Active,18684,General
EMP1880,Neha Saha,Chennai,WM Technician,Operations,Male,43,2024-11-29,Active,30048,Morning
EMP1881,Priya Kumar,Chennai,WM Technician,Operations,Male,52,2022-02-13,Active,30295,Morning
EMP1882,Sneha Nair,Chennai,RF Technician,Operations,Male,29,2023-10-30,Active,32109,Morning
EMP1883,Deepak Gupta,Chennai,AC Technician,Operations,Male,23,2024-05-21,Active,36226,Morning
EMP1884,Neha Kumar,Chennai,Helper,Operations,Male,31,2022-03-07,Active,20751,General
EMP1885,Deepak Gupta,Chennai,AC Technician,Operations,Female,24,2022-10-03,Active,39857,General
EMP1886,Ravi Reddy,Chennai,Helper,Operations,Male,55,2023-07-24,Active,18464,Morning
EMP1887,Sneha Kumar,Chennai,AC Technician,Operations,Male,21,2021-11-26,Active,41863,Evening
EMP1888,Rahul Saha,Chennai,WM Technician,Operations,Male,26,2022-08-15,Active,24048,Evening
EMP1889,Ankit Saha,Chennai,AC Technician,Operations,Male,44,2026-05-11,Active,31960,Morning
EMP1890,Pooja Das,Chennai,WM Technician,Operations,Male,21,2025-05-05,Active,31677,General
EMP1891,Kavya Saha,Chennai,AC Technician,Operations,Male,44,2025-01-15,Active,33893,General
EMP1892,Neha Gupta,Chennai,WM Technician,Operations,Male,49,2025-05-16,Active,31531,Morning
EMP1893,Vijay Reddy,Chennai,Helper,Operations,Female,34,2021-08-14,Active,20349,General
EMP1894,Anjali Das,Chennai,WM Technician,Operations,Female,30,2024-02-16,Active,30062,Morning
EMP1895,Arjun Reddy,Chennai,AC Technician,Operations,Male,49,2024-08-07,Active,41643,General
EMP1896,Anjali Nair,Chennai,RF Technician,Operations,Male,42,2022-05-02,Active,34648,Evening
EMP1897,Priya Roy,Chennai,WM Technician,Operations,Male,48,2024-05-10,Active,27797,Evening
EMP1898,Kiran Singh,Chennai,Helper,Operations,Male,28,2025-12-10,Active,19686,Morning
EMP1899,Sneha Das,Chennai,AC Technician,Operations,Male,43,2025-03-12,Active,38981,Evening
EMP1900,Neha Das,Chennai,Helper,Operations,Male,29,2025-04-10,Active,18890,General
EMP1901,Priya Gupta,Chennai,AC Technician,Operations,Female,46,2020-07-27,Active,33267,Morning
EMP1902,Neha Kumar,Chennai,Helper,Operations,Female,44,2025-10-20,Active,21537,Morning
EMP1903,Rohit Saha,Chennai,WM Technician,Operations,Male,44,2026-05-13,Active,29464,Morning
EMP1904,Anjali Roy,Chennai,RF Technician,Operations,Male,45,2026-06-13,Active,31240,Morning
EMP1905,Ankit Sharma,Chennai,RF Technician,Operations,Male,28,2025-06-16,Active,33180,General
EMP1906,Priya Sharma,Chennai,WM Technician,Operations,Male,25,2020-03-28,Active,24071,Morning
EMP1907,Deepak Sharma,Chennai,AC Technician,Operations,Male,42,2022-04-11,Active,32467,Morning
EMP1908,Kavya Roy,Chennai,WM Technician,Operations,Male,40,2026-07-17,Active,31409,Evening
EMP1909,Vijay Patel,Chennai,WM Technician,Operations,Male,38,2023-05-27,Active,24831,General
EMP1910,Vijay Gupta,Chennai,Helper,Operations,Male,27,2025-12-20,Active,23065,Evening
EMP1911,Amit Patel,Chennai,Helper,Operations,Male,50,2023-02-25,Active,23652,Morning
EMP1912,Kavya Reddy,Chennai,RF Technician,Operations,Female,26,2020-06-10,Active,30221,Evening
EMP1913,Vijay Nair,Chennai,RF Technician,Operations,Male,21,2026-07-28,Active,33937,Evening
EMP1914,Ravi Roy,Chennai,RF Technician,Operations,Female,51,2026-05-10,Active,33633,Evening
EMP1915,Suresh Sharma,Chennai,AC Technician,Operations,Male,28,2023-05-14,Active,41098,Evening
EMP1916,Ravi Roy,Chennai,AC Technician,Operations,Female,32,2023-08-06,Active,34789,General
EMP1917,Vijay Roy,Chennai,RF Technician,Operations,Male,51,2020-03-06,Active,37671,Evening
EMP1918,Rahul Nair,Chennai,AC Technician,Operations,Female,32,2025-10-03,Active,34591,General
EMP1919,Deepak Das,Chennai,AC Technician,Operations,Male,30,2020-08-01,Active,40639,Morning
EMP1920,Neha Sharma,Chennai,Helper,Operations,Male,47,2023-10-14,Active,18331,Evening
EMP1921,Rahul Das,Chennai,RF Technician,Operations,Male,22,2021-06-19,Active,28174,General
EMP1922,Rohit Reddy,Chennai,Helper,Operations,Male,50,2024-04-05,Active,21181,Morning
EMP1923,Priya Patel,Chennai,WM Technician,Operations,Male,52,2024-10-04,Active,27335,General
EMP1924,Deepak Das,Chennai,WM Technician,Operations,Female,36,2026-03-12,Active,25580,Evening
EMP1925,Priya Gupta,Chennai,WM Technician,Operations,Male,48,2020-12-13,Active,30598,General
EMP1926,Arjun Sharma,Chennai,Helper,Operations,Female,21,2021-06-10,Active,24604,Morning
EMP1927,Ravi Sharma,Chennai,RF Technician,Operations,Male,24,2021-09-22,Active,37370,Morning
EMP1928,Suresh Saha,Chennai,Helper,Operations,Male,20,2023-10-29,Active,23058,Morning
EMP1929,Amit Saha,Chennai,Helper,Operations,Male,49,2023-09-17,Active,24439,General
EMP1930,Ravi Sharma,Chennai,AC Technician,Operations,Male,28,2022-03-28,Active,31329,Morning
EMP1931,Ravi Reddy,Chennai,AC Technician,Operations,Male,34,2022-05-11,Active,30819,General
EMP1932,Kavya Saha,Chennai,WM Technician,Operations,Male,53,2022-02-28,Active,27899,Morning
EMP1933,Ankit Nair,Chennai,Helper,Operations,Male,50,2023-03-25,Active,23992,General
EMP1934,Rohit Patel,Chennai,AC Technician,Operations,Male,20,2020-11-21,Active,32881,Morning
EMP1935,Vijay Roy,Chennai,RF Technician,Operations,Female,32,2021-05-22,Active,29241,Morning
EMP1936,Deepak Saha,Chennai,AC Technician,Operations,Male,34,2021-10-27,Active,36466,General
EMP1937,Sneha Singh,Chennai,RF Technician,Operations,Male,38,2022-06-12,Active,34988,Evening
EMP1938,Ankit Sharma,Chennai,AC Technician,Operations,Male,36,2023-02-26,Active,32642,Morning
EMP1939,Neha Kumar,Chennai,AC Technician,Operations,Male,23,2024-10-27,Active,31309,General
EMP1940,Ravi Saha,Chennai,AC Technician,Operations,Female,25,2023-07-28,Active,39636,Evening
EMP1941,Kavya Roy,Chennai,AC Technician,Operations,Male,40,2025-01-20,Active,35867,General
EMP1942,Kiran Singh,Chennai,WM Technician,Operations,Male,51,2023-07-07,Active,28472,General
EMP1943,Neha Roy,Chennai,Helper,Operations,Male,22,2023-12-16,Active,21356,Evening
EMP1944,Suresh Patel,Chennai,Helper,Operations,Female,45,2025-03-14,Active,21804,Evening
EMP1945,Priya Reddy,Chennai,Helper,Operations,Male,44,2024-09-14,Active,18200,Morning
EMP1946,Anjali Patel,Chennai,AC Technician,Operations,Female,29,2024-06-24,Active,35991,Morning
EMP1947,Pooja Nair,Chennai,AC Technician,Operations,Male,31,2022-06-07,Active,31553,Morning
EMP1948,Pooja Patel,Chennai,WM Technician,Operations,Male,41,2022-03-21,Active,24177,Evening
EMP1949,Kavya Saha,Chennai,AC Technician,Operations,Male,55,2023-02-11,Active,33731,Morning
EMP1950,Ankit Roy,Chennai,AC Technician,Operations,Male,47,2024-11-17,Active,32618,Evening
EMP1951,Deepak Patel,Chennai,Helper,Operations,Female,24,2023-08-17,Active,23783,Evening
EMP1952,Rahul Das,Chennai,Helper,Operations,Male,51,2022-06-05,Active,21410,Evening
EMP1953,Anjali Saha,Chennai,Helper,Operations,Male,41,2023-06-26,Active,23603,General
EMP1954,Sneha Patel,Chennai,Helper,Operations,Male,28,2025-12-09,Active,20309,Evening
EMP1955,Sneha Reddy,Chennai,Helper,Operations,Male,50,2020-09-15,Active,18145,Evening
EMP1956,Kavya Das,Chennai,WM Technician,Operations,Male,40,2022-08-14,Active,31455,Evening
EMP1957,Arjun Saha,Chennai,RF Technician,Operations,Male,41,2022-03-07,Active,30082,Evening
EMP1958,Rahul Roy,Chennai,RF Technician,Operations,Male,35,2025-06-24,Active,37229,Evening
EMP1959,Priya Sharma,Chennai,Helper,Operations,Male,26,2024-04-22,Active,24145,Morning
EMP1960,Pooja Singh,Chennai,Helper,Operations,Male,49,2022-12-25,Active,18548,Evening
EMP1961,Kavya Singh,Chennai,AC Technician,Operations,Male,37,2021-08-09,Active,35960,Morning
EMP1962,Kavya Gupta,Chennai,RF Technician,Operations,Male,20,2023-09-02,Active,33835,General
EMP1963,Kiran Singh,Chennai,WM Technician,Operations,Male,37,2023-08-03,Active,27970,Evening
EMP1964,Kiran Gupta,Chennai,RF Technician,Operations,Female,27,2023-04-25,Active,28992,General
EMP1965,Rahul Das,Chennai,RF Technician,Operations,Male,38,2022-10-13,Active,34160,Evening
EMP1966,Anjali Sharma,Chennai,Helper,Operations,Male,29,2023-04-27,Active,18207,Morning
EMP1967,Vijay Saha,Chennai,WM Technician,Operations,Male,29,2025-01-03,Active,29127,Evening
EMP1968,Rohit Singh,Chennai,RF Technician,Operations,Male,40,2021-03-17,Active,32481,Evening
EMP1969,Suresh Roy,Chennai,Helper,Operations,Male,49,2023-03-12,Active,19334,General
EMP1970,Kavya Roy,Chennai,WM Technician,Operations,Female,27,2020-08-02,Active,31108,Evening
EMP1971,Anjali Roy,Chennai,AC Technician,Operations,Male,44,2026-03-03,Active,30417,General
EMP1972,Priya Saha,Chennai,AC Technician,Operations,Male,40,2020-05-21,Active,40545,Evening
EMP1973,Suresh Nair,Chennai,AC Technician,Operations,Male,22,2025-09-26,Active,30915,General
EMP1974,Vijay Singh,Chennai,Helper,Operations,Male,24,2021-07-27,Active,19241,Morning
EMP1975,Anjali Roy,Chennai,AC Technician,Operations,Male,43,2024-01-02,Active,35540,Morning
EMP1976,Anjali Reddy,Chennai,AC Technician,Operations,Male,51,2024-06-28,Active,38931,Morning
EMP1977,Neha Patel,Chennai,WM Technician,Operations,Male,55,2021-01-01,Active,30671,Morning
EMP1978,Rahul Kumar,Chennai,RF Technician,Operations,Male,36,2022-07-20,Active,31920,Morning
EMP1979,Arjun Singh,Chennai,RF Technician,Operations,Male,34,2025-05-14,Active,28694,Morning
EMP1980,Pooja Reddy,Chennai,RF Technician,Operations,Female,28,2025-08-12,Active,33234,Evening
EMP1981,Anjali Gupta,Chennai,WM Technician,Operations,Male,38,2025-07-09,Active,24192,General
EMP1982,Kavya Kumar,Chennai,WM Technician,Operations,Male,32,2020-05-27,Active,25710,Morning
EMP1983,Vijay Reddy,Chennai,Helper,Operations,Male,25,2026-07-10,Active,21015,General
EMP1984,Deepak Das,Chennai,Helper,Operations,Male,54,2020-01-31,Active,23141,General
EMP1985,Rohit Roy,Chennai,WM Technician,Operations,Male,52,2024-05-09,Active,25309,Morning
EMP1986,Deepak Nair,Chennai,RF Technician,Operations,Male,36,2024-05-27,Active,29952,General
EMP1987,Amit Kumar,Chennai,RF Technician,Operations,Male,52,2024-07-19,Active,31352,Morning
EMP1988,Deepak Singh,Chennai,RF Technician,Operations,Male,26,2022-04-22,Active,31279,General
EMP1989,Arjun Saha,Chennai,WM Technician,Operations,Female,39,2024-01-18,Active,27799,Morning
EMP1990,Deepak Kumar,Chennai,Helper,Operations,Female,36,2022-06-07,Active,22186,Morning
EMP1991,Pooja Roy,Chennai,Helper,Operations,Male,31,2023-09-29,Active,19690,Evening
EMP1992,Deepak Singh,Chennai,AC Technician,Operations,Male,45,2021-11-07,Active,38055,Evening
EMP1993,Ankit Kumar,Chennai,WM Technician,Operations,Male,26,2020-01-02,Active,30985,Morning
EMP1994,Vijay Sharma,Chennai,WM Technician,Operations,Female,20,2023-05-27,Active,27645,Evening
EMP1995,Sneha Sharma,Chennai,WM Technician,Operations,Male,33,2022-02-20,Active,31953,Evening
EMP1996,Amit Das,Chennai,Helper,Operations,Male,21,2023-05-03,Active,24311,Morning
EMP1997,Rahul Nair,Chennai,RF Technician,Operations,Male,49,2022-04-18,Active,29971,General
EMP1998,Neha Saha,Chennai,AC Technician,Operations,Male,27,2020-12-18,Active,41875,Morning
EMP1999,Kavya Sharma,Chennai,WM Technician,Operations,Male,37,2023-01-11,Active,24184,General
EMP2000,Pooja Kumar,Chennai,RF Technician,Operations,Male,29,2022-06-01,Active,29067,Evening
